group_name,company,group_type,debut_year,disband_year,social_accounts,inactive_members,current_members,original_members_remainding,initial_members,member_changes,subunits,albums,mini_albums,other_albums,singles,digital_singles,other_singles,foreign_albums,foreign_mini_albums,foreign_other_album,foreign_singles,foreign_digital_singles,others,last_production_year,total_releases,lifespan
10X10,gaon_entertainment,0,2015,2016.0,2,0,6,6,6,0,0,0,0,0,0,3,0,0,0,0,0,0,0,2016,3,2.0
1NB ,trivus_entertainment,0,2017,2018.0,4,0,5,5,5,0,0,0,0,0,0,6,0,0,0,0,0,0,0,2018,6,2.0
1PS,maroo_entertainment,0,2014,2015.0,3,0,5,4,4,1,0,0,0,0,0,1,0,0,0,0,0,0,1,2014,2,2.0
2EYES,sidushq,0,2013,2017.0,2,0,4,4,5,1,0,0,0,0,0,1,0,0,0,0,0,0,1,2015,2,5.0
2NE1,yg_entertainment,0,2009,2017.0,5,0,3,3,4,1,0,2,2,2,0,12,0,2,1,0,2,2,1,2017,26,9.0
4G,heuk_ggo_entertainment,0,2014,2015.0,0,0,4,4,4,0,0,0,0,0,0,1,0,0,0,0,0,0,0,2014,1,2.0
4L,jade_contents_media,0,2014,2015.0,3,0,4,4,4,0,0,0,0,0,0,1,0,0,0,0,0,0,0,2014,1,2.0
4minute,cube_entertainment,0,2009,2016.0,5,0,5,5,5,0,1,1,8,0,0,7,4,1,0,0,7,0,6,2016,34,8.0
4SOME,sugar_entertainment,0,2015,2016.0,1,0,4,4,4,0,0,0,0,0,0,1,0,0,0,0,0,0,0,2015,1,2.0
4TEN,jungle_entertainment,0,2014,2018.0,5,0,3,2,4,6,0,0,1,0,0,3,0,0,0,0,0,0,0,2016,4,5.0
4Tomorrow,colabs,0,2009,2009.0,0,0,4,4,4,0,0,0,0,0,0,1,0,0,0,0,0,0,0,2009,1,1.0
7Princess,yesplease_entertainment,0,2003,2009.0,0,0,7,1,7,14,0,2,0,2,1,0,0,0,0,0,0,0,1,2009,6,7.0
84LY,colabs,0,2012,2013.0,0,0,6,6,6,0,0,0,1,0,0,0,0,0,0,0,0,0,0,2012,1,2.0
9MUSES,star_empire_entertainment,0,2010,2019.0,6,0,4,1,10,13,1,1,5,1,2,4,0,0,0,0,0,0,2,2019,15,10.0
A Train to Autumn,cube_entertainment,0,2018,2020.0,3,0,4,4,4,0,0,0,0,0,0,4,0,0,0,0,0,0,2,2019,6,3.0
A-DEAN,dia9_entertainment,0,2013,2019.0,4,0,4,2,4,10,0,0,0,0,0,4,0,0,0,0,0,0,0,2018,4,7.0
A-Fati,coolwave_entertainment,0,2014,2016.0,2,0,4,4,4,0,0,0,0,0,0,4,0,0,0,0,0,0,2,2015,6,3.0
A-Plus,owl_entertainment,0,2015,2016.0,0,0,3,3,3,0,0,0,0,0,0,1,0,0,0,0,0,0,0,2015,1,2.0
A-seed,yechan_media,0,2017,2018.0,4,0,4,4,4,0,0,0,0,0,0,3,0,0,0,0,0,0,0,2018,3,2.0
A.De,2able_company,0,2016,2017.0,4,0,6,6,7,1,0,0,1,0,1,1,0,0,0,0,0,0,0,2017,3,2.0
A.H.H.A,yellocean,0,2015,2016.0,0,0,4,4,4,0,0,0,0,0,0,1,0,0,0,0,0,0,0,2015,1,2.0
A.I.N,starcommerce_entertainment,0,2014,2014.0,0,0,7,7,7,0,0,0,0,0,0,1,0,0,0,0,0,0,0,2014,1,1.0
A.KOR,doo_republic,0,2014,2017.0,3,0,5,3,3,2,1,0,0,0,0,3,0,0,0,0,0,0,0,2015,3,4.0
A.sia,starmade_entertainment,0,2006,2007.0,0,0,4,4,4,0,0,1,0,0,0,0,0,0,0,0,0,0,0,2006,1,2.0
A.SOME,the_solution,0,2016,2017.0,1,0,5,5,5,0,0,0,0,0,0,2,0,0,0,0,0,0,0,2016,2,2.0
ACE,worthy_entertainment,0,2015,2016.0,2,0,4,3,4,2,0,0,0,0,0,1,0,0,0,0,0,0,0,2015,1,2.0
After School,pledis_entertainment,0,2009,2020.0,5,0,1,1,5,10,3,1,0,0,6,2,3,2,0,1,6,0,5,2015,26,12.0
Aila,plane_entertainment,0,2014,2014.0,0,0,4,4,4,0,0,0,0,0,0,1,0,0,0,0,0,0,0,2014,1,1.0
AiRiSU,gaon_entertainment,0,2018,2019.0,2,0,4,4,4,0,0,0,0,0,0,1,0,0,0,0,0,0,0,2018,1,2.0
AL,mascom_company,0,2001,2002.0,0,0,4,4,4,0,0,1,0,0,0,0,0,0,0,0,0,0,0,2001,1,2.0
Alice White,smaf_entertainment,0,2014,2015.0,3,0,5,5,5,0,0,0,0,0,0,1,0,0,0,0,0,0,0,2014,1,2.0
ALiKE,87sound,0,2018,2019.0,5,0,3,3,3,0,0,0,0,0,0,2,0,0,0,0,0,0,0,2019,2,2.0
AMOR,juny_network_entertainment,0,2017,2018.0,2,0,5,5,5,1,0,0,0,0,0,1,0,0,0,0,0,0,0,2017,1,2.0
ANDS,colabs,0,2014,2016.0,0,0,3,3,5,2,0,0,0,0,2,1,0,0,0,0,0,0,0,2015,3,3.0
ANS,ans_entertainment,0,2019,2020.0,7,0,8,6,6,2,0,0,0,0,0,3,0,0,0,0,0,0,0,2020,3,2.0
Apple.B,gh_entertainment,0,2017,2018.0,4,0,5,5,5,0,0,0,0,0,0,1,0,0,0,0,0,0,0,2017,1,2.0
April Kiss,olleh_music,0,2011,2011.0,1,0,6,6,6,0,0,0,1,0,0,0,0,0,0,0,0,0,0,2011,1,1.0
AQUA,krazy_entertainment,0,2018,2019.0,1,0,6,6,6,0,0,0,0,0,0,1,0,0,0,0,0,0,0,2018,1,2.0
AREAL,jz_factory_entertainment,0,2020,2021.0,5,0,4,4,4,0,0,0,0,0,0,1,0,0,0,0,0,0,0,2020,1,2.0
As One,chorokbaemjuna_e&m,0,2012,2016.0,3,0,6,6,6,0,0,0,0,0,0,2,0,0,1,0,0,7,0,2016,10,5.0
ASHA,cm_entertainment,0,2015,2016.0,4,0,4,4,4,0,0,0,0,0,0,1,0,0,0,0,0,0,0,2015,1,2.0
Awe5ome Baby,tn_entertainment,0,2015,2016.0,5,0,5,5,5,0,0,0,0,0,0,1,0,0,0,0,0,0,0,2015,1,2.0
AWESOME,midum_entertainment,0,2017,2018.0,3,0,4,4,4,0,0,0,0,0,0,1,0,0,0,0,0,0,0,2017,1,2.0
AZM,innok_entertainment,0,2018,2019.0,3,0,4,3,4,3,0,0,0,0,0,2,0,0,0,0,0,0,0,2018,2,2.0
BaBa,pr_entertainment,0,2015,2020.0,5,0,7,1,6,20,0,0,0,0,0,4,0,0,0,0,0,0,0,2018,4,6.0
Baby Boo,hyunda_company,0,2015,2020.0,2,0,3,1,4,11,0,0,0,0,0,6,0,0,0,0,0,0,0,2019,6,6.0
Baby V.O.X,dr_music,0,1997,2006.0,0,0,1,2,6,7,0,7,0,1,0,0,0,0,0,1,0,0,0,2004,9,10.0
BADKIZ,us_entertainment,0,2014,2020.0,0,0,4,0,5,22,0,0,0,0,0,8,1,0,0,0,0,0,0,2019,9,7.0
Bambino,js_entertainment,0,2015,2017.0,1,0,4,3,4,1,0,0,0,0,0,2,0,0,0,0,0,0,0,2016,2,3.0
Bay.B,can_entertainment,0,2014,2016.0,4,0,3,3,3,0,0,1,0,0,0,3,0,0,0,0,0,0,0,2015,4,3.0
BBURECTOR,bbu_entertainment,0,2018,2018.0,0,0,3,3,3,0,0,0,0,0,0,1,0,0,0,0,0,0,0,2018,1,1.0
BeBe Mignon,happyface_entertainment,0,2010,2011.0,0,0,3,3,3,0,0,0,1,0,0,2,0,0,0,0,0,0,1,2011,4,2.0
BEBE6,k12_company,0,2017,2020.0,4,0,3,3,5,4,0,0,1,0,0,3,0,0,0,0,0,0,1,2019,5,4.0
Bebop,hmi_entertainment,0,2013,2016.0,3,0,3,3,3,0,0,0,2,0,0,0,0,0,0,0,0,0,2,2014,4,4.0
BESTie,ynb_entertainment,0,2013,2018.0,4,0,2,2,4,2,0,0,2,0,0,5,0,0,0,0,0,0,0,2015,7,6.0
Black Bunny,laentertainment,0,2019,2020.0,4,0,4,4,4,0,0,0,0,0,0,1,0,0,0,0,0,0,0,2019,1,2.0
Black Swan(2016),gm_entertainment,0,2016,2016.0,1,0,4,4,4,0,0,0,0,0,0,2,0,0,0,0,0,0,1,2016,3,1.0
Blady,colabs,0,2011,2017.0,3,0,5,0,5,13,1,0,1,0,0,4,0,0,0,0,0,0,0,2015,5,7.0
Blah Blah,fab_entertainment,0,2017,2019.0,4,0,2,2,5,3,0,0,0,0,0,1,0,0,0,0,0,0,0,2017,1,3.0
Blastar,vh_entertainment,0,2020,2020.0,1,0,5,5,5,0,0,0,0,0,0,1,0,0,0,0,0,0,0,2020,1,1.0
Bling,ps_creative,0,2015,2018.0,3,0,4,3,5,3,0,0,0,0,0,1,0,0,0,0,0,0,0,2016,1,4.0
Bloomy,ds_entertainment,0,2016,2017.0,6,0,4,4,4,0,0,0,1,0,0,0,0,0,0,0,0,0,0,2016,1,2.0
Bob Girls,chrome_entertainment,0,2014,2015.0,4,0,4,4,4,0,0,0,0,0,0,1,0,0,0,0,0,0,1,2014,2,2.0
BONUSbaby,maroo_entertainment,0,2017,2020.0,6,0,5,5,6,1,0,0,0,0,0,2,0,0,0,0,0,0,0,2017,2,4.0
BP POP,bp_story_entertainment,0,2013,2015.0,3,0,5,5,5,0,0,0,0,0,0,2,0,0,0,0,0,0,0,2013,2,3.0
Brand New Day,wannabe_management,0,2009,2009.0,0,0,3,3,3,0,0,0,1,0,0,2,0,0,0,0,0,0,1,2009,4,1.0
BULLDOK,innok_entertainment,0,2016,2018.0,0,0,2,2,5,3,0,0,0,0,0,1,0,0,0,0,0,0,0,2016,1,3.0
C.I.V.A,lee&tak_entertainment,0,2016,2016.0,0,0,3,3,3,0,0,0,0,0,0,1,0,0,0,0,0,0,0,2016,1,1.0
CAMILA,c.c_entertainment,0,2018,2019.0,2,0,3,3,3,0,0,0,0,0,0,2,0,0,0,0,0,0,0,2019,2,2.0
Carcaro Girl,reverse_social,0,2011,2011.0,1,0,6,6,6,0,0,0,0,0,0,1,0,0,0,0,0,0,0,2011,1,1.0
CHERRY ON TOP,united_creative,0,2018,2019.0,5,0,4,4,4,0,0,0,0,0,0,2,0,0,0,0,0,0,0,2018,2,2.0
CHI CHI,trophy_entertainment,0,2011,2013.0,0,0,5,5,7,3,0,0,0,0,0,3,0,0,0,0,1,0,0,2012,4,3.0
Chloris,fab_entertainment,0,2017,2020.0,7,0,4,2,4,4,0,0,0,0,0,1,0,0,0,0,0,0,0,2017,1,4.0
ChoColat,paramount_music,0,2011,2014.0,1,0,6,6,6,0,0,0,1,0,2,0,0,0,0,0,0,0,0,2013,3,4.0
CLEO,emi_(korea),0,1999,2005.0,0,0,3,1,3,4,0,5,0,0,0,1,0,0,0,0,0,0,0,2005,6,7.0
Cooki,dream_scape_entertainment,0,1998,2001.0,0,0,4,4,4,0,0,2,0,0,0,0,0,0,0,0,0,0,0,2000,2,4.0
Crayon Pop,chrome_entertainment,0,2012,2016.0,8,0,4,4,5,1,1,1,3,0,3,2,0,1,1,1,2,0,6,2016,20,5.0
CST,dreamcense,0,2018,2018.0,2,0,4,4,4,0,0,0,0,0,0,1,0,0,0,0,0,0,0,2018,1,1.0
Cupid,narda_entertainment,0,2015,2019.0,0,0,2,1,4,8,0,0,0,0,0,1,1,0,0,0,0,0,2,2018,4,5.0
CutieL,colabs,0,2010,2018.0,2,0,5,0,7,25,0,1,1,0,0,5,0,0,0,0,0,0,0,2016,7,9.0
D.el,colabs,0,2016,2017.0,0,0,5,5,5,0,0,0,0,0,0,2,0,0,0,0,0,0,0,2017,2,2.0
D.Holic,star_road_entertainment,0,2014,2017.0,5,0,6,2,5,7,0,0,1,0,1,2,0,0,0,0,0,0,0,2016,4,4.0
Dalshabet,happyface_entertainment,0,2011,2019.0,4,0,6,5,6,2,0,1,10,0,0,0,0,0,0,0,1,0,1,2016,13,9.0
DayDream(2016),colabs,0,2016,2016.0,0,0,3,3,3,0,0,0,0,0,0,1,0,0,0,0,0,0,0,2016,1,1.0
Daydream(2019),great_company,0,2019,2020.0,3,0,6,4,4,2,0,0,0,0,0,1,0,0,0,0,0,0,0,2020,1,2.0
Delight(2013),bros_media_entertainment,0,2013,2015.0,3,0,5,3,4,4,0,0,2,0,0,1,0,0,0,0,0,0,0,2014,3,3.0
DICE,bros_entertainment,0,2016,2017.0,0,0,4,4,4,0,0,0,0,0,0,1,0,0,0,0,0,0,0,2016,1,2.0
Diva,colabs,0,1997,2005.0,0,0,3,3,4,1,0,8,0,0,0,0,0,1,0,0,0,0,2,2005,11,9.0
Dorothy,leek.mill,0,2016,2017.0,3,0,6,5,5,1,0,0,0,0,0,1,0,0,0,0,0,0,0,2016,1,2.0
Elado,ao_entertainment,0,2017,2017.0,0,0,3,3,3,0,0,0,0,0,0,1,0,0,0,0,0,0,0,2017,1,1.0
Enue,samsung_music,0,1997,1999.0,0,0,3,3,3,0,0,1,0,0,0,0,0,0,0,0,0,0,0,1997,1,3.0
EvoL,stardom_entertainment,0,2012,2015.0,2,0,5,5,5,0,0,0,2,0,0,0,0,0,0,0,0,0,0,2013,2,4.0
f(x),sm_entertainment,0,2009,2019.0,5,0,5,5,5,0,0,4,2,0,1,3,1,0,0,0,2,1,7,2016,21,11.0
F-ve Dolls,colabs,0,2011,2015.0,1,0,6,3,5,5,0,0,2,1,0,2,0,0,0,0,0,0,1,2013,6,5.0
Fantastie,in_entertainment,0,2016,2017.0,1,0,4,4,4,0,0,0,0,0,0,1,0,0,0,0,0,0,0,2016,1,2.0
FIESTAR,fave_entertainment,0,2012,2018.0,0,0,5,5,6,1,0,0,2,0,3,4,1,0,0,0,0,0,4,2018,14,7.0
FIONA,supreme_entertainment,0,2015,2016.0,0,0,4,4,4,0,0,0,0,0,0,1,0,0,0,0,0,0,0,2015,1,2.0
FLASHE,play_music_entertainment,0,2012,2020.0,6,0,4,1,5,13,0,0,1,0,0,7,4,0,0,0,0,0,0,2018,12,9.0
Flying Girls,doll_communications,0,2009,2009.0,0,0,3,3,3,0,0,0,1,0,0,0,0,0,0,0,0,0,0,2009,1,1.0
G-(i)Kon,d-day_entertainment,0,2019,2020.0,1,0,4,4,4,0,0,0,0,0,0,1,0,0,0,0,0,0,0,2019,1,2.0
Gangkiz,core_contents_media,0,2012,2014.0,2,0,7,7,7,0,0,0,1,0,0,0,0,0,0,0,0,0,0,2012,1,3.0
GBB,probeat_company,0,2018,2020.0,3,0,5,5,5,0,0,0,1,0,0,0,0,0,0,0,0,0,0,2018,1,3.0
GeeGu,gf_entertainment,0,2017,2021.0,5,0,6,6,9,3,0,0,2,0,0,0,0,0,0,0,0,0,1,2019,3,5.0
GI,simtong_entertainment,0,2013,2016.0,3,0,5,2,5,6,0,0,1,0,0,4,0,0,0,0,0,0,0,2015,5,4.0
Girl's Day,dreamt_entertainment,0,2010,2017.0,8,0,4,2,5,5,0,2,6,1,9,0,1,0,0,0,1,0,0,2017,20,8.0
Girl2School,dni_works,0,2010,2015.0,3,0,3,0,10,20,0,0,0,0,0,3,0,0,0,0,0,0,1,2014,4,6.0
GIRLS GIRLS,h_brothers_entertainment,0,2015,2019.0,4,0,2,2,5,3,0,0,0,0,2,0,0,0,0,0,0,0,0,2016,2,5.0
GLAM,colabs,0,2012,2015.0,3,0,4,4,5,1,0,0,0,0,2,2,0,0,0,0,0,0,3,2014,7,4.0
GOOD DAY,c9_entertainment,0,2017,2019.0,4,0,10,10,10,0,3,0,1,0,0,0,0,0,0,0,0,0,0,2017,1,3.0
GP Basic,jacyhan_international,0,2010,2015.0,0,0,7,7,7,0,0,0,0,0,0,7,0,0,0,0,0,0,0,2014,7,6.0
GROW.B,midum_entertainment,0,2019,2019.0,1,0,6,6,6,0,0,0,1,0,0,0,0,0,0,0,0,0,0,2019,1,1.0
Gugudan,jellyfish_entertainment,0,2016,2020.0,5,0,8,8,9,1,2,0,3,0,2,0,0,0,0,0,0,0,4,2018,9,5.0
H.U.B,new_planet_entertainment,0,2017,2019.0,6,0,5,1,4,7,0,0,0,0,0,5,0,0,0,0,0,0,0,2018,5,3.0
H2L,regolith_entertainment,0,2015,2017.0,1,0,3,3,5,2,0,0,0,0,0,3,0,0,0,0,0,0,1,2017,4,3.0
HADY,kings_entertainment,0,2015,2017.0,2,0,4,4,4,0,0,0,0,0,0,1,0,0,0,0,0,0,1,2015,2,3.0
HAM,lee_yeon_entertainment,0,2009,2011.0,2,0,3,3,4,1,0,0,0,0,0,4,2,0,0,0,0,0,0,2011,6,3.0
Heart,kcent_entertainment,0,2016,2017.0,2,0,4,4,4,0,0,0,0,0,0,1,0,0,0,0,0,0,0,2016,1,2.0
HELLOVENUS,fantagio_music,0,2012,2019.0,3,0,6,4,6,4,0,0,5,1,1,4,0,0,0,0,0,0,3,2018,14,8.0
HEXE,serenity_music,0,2015,2016.0,1,0,5,5,5,0,0,0,1,0,0,2,0,0,0,0,0,0,0,2016,3,2.0
Hi.D,heroes_factory,0,2016,2016.0,4,0,4,4,4,0,0,0,0,0,0,1,0,0,0,0,0,0,0,2016,1,1.0
HINAPIA,osr_entertainment,0,2019,2020.0,6,0,5,5,5,0,0,0,0,0,0,1,0,0,0,0,0,0,0,2019,1,2.0
Holy Days,line_&_jeen_entertainment,0,2016,2018.0,0,0,3,3,3,0,0,0,0,0,0,3,0,0,0,0,0,0,0,2017,3,3.0
Honey Girls,liz_entertainment,0,2015,2016.0,0,0,3,3,5,2,0,0,0,0,0,1,0,0,0,0,0,0,0,2015,1,2.0
HOT TEEN,tiptop_entertainment,0,2019,2019.0,2,0,3,3,3,0,0,0,0,0,0,1,0,0,0,0,0,0,0,2019,1,1.0
HOTTIES,solerino,0,2015,2017.0,5,0,4,4,5,1,0,0,1,0,0,0,0,0,0,0,0,0,0,2015,1,3.0
i-13,lime_music,0,2005,2007.0,0,0,13,13,13,0,0,1,0,0,0,0,0,0,0,0,0,0,0,2005,1,3.0
I-Ren,j_company_entertainment,0,2016,2017.0,1,0,3,3,4,1,0,0,0,0,0,1,0,0,0,0,0,0,0,2017,1,2.0
I.B.I,loen_entertainment,0,2016,2017.0,0,0,5,5,5,0,0,0,0,0,0,1,0,0,0,0,0,0,0,2016,1,2.0
I.O.I,ymc_entertainment,0,2016,2017.0,5,0,11,11,11,0,0,0,2,0,1,3,0,0,0,0,0,0,1,2017,7,2.0
Icia,colabs,0,2015,2019.0,3,0,11,11,11,0,0,0,0,0,0,4,0,0,0,0,0,0,0,2018,4,5.0
ILUV,wks_ene,0,2019,2020.0,6,0,7,7,7,4,0,0,0,0,0,4,0,0,0,0,0,0,0,2020,4,2.0
IZ*ONE,off_the_record_entertainment,0,2018,2021.0,11,0,12,12,12,0,0,1,4,0,0,1,1,1,0,0,3,0,2,2021,13,4.0
Jewelry,star_empire_entertainment,0,2001,2015.0,3,0,3,0,4,10,0,6,1,0,0,6,1,2,0,0,5,0,2,2013,23,15.0
Jjarimongttang,cs_entertainment,0,2013,2016.0,2,0,3,2,3,2,0,0,0,0,0,1,0,0,0,0,0,0,0,2015,1,4.0
Juliet,wonder_music,0,1997,2000.0,0,0,2,1,3,3,0,2,0,0,0,0,0,0,0,0,0,0,0,2000,2,4.0
K-Girls,beauty_hankook_corporation,0,2013,2015.0,4,0,5,2,6,7,0,0,1,0,0,2,0,0,0,0,0,0,0,2015,3,3.0
KARA,dsp_media,0,2007,2016.0,1,0,4,2,4,5,0,4,7,0,0,4,0,5,1,0,12,0,4,2015,37,10.0
Kassia,i-star_entertainment,0,2011,2011.0,0,0,5,5,5,0,0,0,0,0,0,1,0,0,0,0,0,0,0,2011,1,1.0
Kirots,302skool_company,0,2006,2007.0,0,0,9,6,8,5,0,0,0,0,0,7,2,0,0,0,0,0,2,2007,11,2.0
Kiss&Cry,winning_insight_m,0,2014,2014.0,2,0,4,4,4,0,0,0,0,0,0,3,0,0,0,0,0,0,0,2014,3,1.0
Kitten Girls,stone_entertainment,0,2017,2019.0,3,0,3,2,3,3,0,0,0,0,0,1,0,0,0,0,0,1,0,2018,2,3.0
La TTE,starcubic_entertainment,0,2012,2012.0,0,0,4,4,4,0,0,0,0,0,0,1,0,0,0,0,0,0,0,2012,1,1.0
LABELUP,yedam_entertainment,0,2019,2021.0,5,0,5,2,5,6,0,0,0,0,0,1,0,0,0,0,0,0,0,2020,1,3.0
LAY.T,baeksang_entertainment,0,2012,2013.0,2,0,3,3,5,2,0,0,0,0,0,1,0,0,0,0,0,0,0,2012,1,2.0
Leader'S,tgn_entertainment,0,2011,2015.0,1,0,5,5,8,24,3,0,0,0,0,5,0,0,0,0,0,0,0,2015,5,5.0
Limesoda,d-maker_entertainment,0,2017,2020.0,6,0,3,2,2,2,0,0,0,0,0,3,0,0,0,0,0,0,0,2019,3,4.0
LIPBUBBLE,zenith_media_contents,0,2017,2019.0,5,0,7,4,7,6,0,0,0,0,0,2,0,0,0,0,0,0,0,2018,2,3.0
Littles,nega_network,0,2012,2014.0,1,0,3,3,3,0,0,0,0,0,0,0,0,0,0,0,0,0,1,2012,1,3.0
LoveUs,creative_su_entertainment,0,2015,2016.0,3,0,4,4,4,0,0,0,0,0,0,2,0,0,0,0,0,0,0,2015,2,2.0
LPG,aquaargo_entertainment,0,2005,2016.0,0,0,3,0,4,19,0,3,1,1,0,5,0,0,0,0,0,0,0,2015,10,12.0
Luluz,wanna.b,0,2014,2015.0,0,0,3,3,3,0,0,0,0,0,0,1,0,0,0,0,0,0,0,2014,1,2.0
M.I.L.K,bm_entertainment,0,2001,2003.0,0,0,4,4,4,0,0,1,0,0,0,0,0,0,0,0,0,0,0,2001,1,3.0
MARMELLO,rolling_culture_one,0,2017,2019.0,3,0,5,5,5,0,0,0,1,0,0,2,1,0,0,0,0,0,1,2018,5,3.0
MATILDA,box_media,0,2016,2019.0,5,0,4,4,4,0,0,0,0,0,0,4,0,0,0,0,0,0,1,2018,5,4.0
Maywish,j9_entertainment,0,2018,2019.0,3,0,4,4,4,0,0,0,0,0,0,2,0,0,0,0,0,0,0,2019,2,2.0
Melody Day,cre.ker_entertainment,0,2012,2018.0,4,0,4,4,4,0,0,0,2,0,3,4,3,0,0,0,0,0,15,2018,27,7.0
Melody Pink,colabs,0,2017,2020.0,1,0,3,0,4,15,0,0,0,0,0,6,0,0,0,0,0,0,1,2019,7,4.0
Mercury,gaon_entertainment,0,2016,2017.0,0,0,3,3,3,0,0,0,0,0,2,0,0,0,0,0,0,0,0,2016,2,2.0
MIDNIGHT,h&i_entertainment,0,2018,2020.0,2,0,5,2,3,13,0,0,0,0,0,3,0,0,0,0,0,0,0,2019,3,3.0
MINX,happyface_entertainment,0,2014,2016.0,5,0,5,5,5,0,0,0,1,0,0,1,0,0,0,0,0,0,0,2015,2,3.0
miss A,jyp_entertainment,0,2010,2017.0,5,0,3,3,4,1,0,2,3,0,2,2,0,0,0,0,0,0,1,2015,10,8.0
MIXX,chiko_bros_entertainment,0,2016,2017.0,4,0,5,3,4,5,0,0,0,0,0,2,0,0,0,0,0,0,0,2017,2,2.0
MOA,professional_entertainment,0,2014,2015.0,1,0,5,5,5,6,0,0,0,0,0,2,0,0,0,0,0,0,1,2014,3,2.0
MyB,maroo_entertainment,0,2015,2016.0,4,0,6,6,6,0,0,0,0,0,0,2,0,0,0,0,0,0,0,2015,2,2.0
N*White,j&j_entertainment,0,2013,2016.0,3,0,3,3,4,1,0,0,2,0,0,1,0,0,0,0,0,0,0,2015,3,4.0
Nazca,gaonix_music,0,2001,2004.0,0,0,6,6,6,0,0,1,0,0,0,0,0,0,0,0,0,0,0,2001,1,4.0
NeonPunch,a100_entertainment,0,2017,2020.0,5,0,3,2,3,4,0,0,1,0,1,0,0,0,0,0,0,0,0,2019,2,4.0
Nep,naeum_entertainment,0,2012,2012.0,0,0,4,4,4,0,0,0,0,0,1,0,0,0,0,0,0,0,0,2012,1,1.0
New-A,new_code,0,2016,2017.0,5,0,4,4,5,1,0,0,0,0,0,1,0,0,0,0,0,0,0,2016,1,2.0
New.F.O,colabs,0,2011,2012.0,0,0,5,5,5,0,0,0,0,0,0,1,0,0,0,0,0,0,0,2011,1,2.0
O My Jewel,acoustic_company,0,2017,2018.0,4,0,3,3,4,1,0,0,0,0,1,0,0,0,0,0,0,0,0,2017,1,2.0
O-24,eunsung_entertainment,0,1998,2002.0,0,0,3,3,4,1,0,2,0,0,0,0,0,0,0,0,0,0,0,2000,2,5.0
O21,houxiu_tv,0,2016,2017.0,2,0,6,6,6,0,0,0,0,0,0,1,0,0,0,0,0,0,0,2016,1,2.0
OAHSIS,krazy_entertainment,0,2016,2019.0,4,0,8,8,8,0,0,0,0,0,0,1,0,0,0,0,0,0,0,2016,1,4.0
Oh!Bliss,jt_corea_entertainment,0,2016,2017.0,5,0,5,5,5,0,0,0,0,0,1,0,0,0,0,0,0,0,0,2016,1,2.0
P.O.P,dwm_entertainment,0,2017,2018.0,4,0,5,5,6,1,0,0,1,0,0,0,0,0,0,0,0,0,0,2017,1,2.0
Pandora,t.s_family_entertainment,0,2012,2013.0,0,0,4,4,5,1,0,0,1,0,0,0,0,0,0,0,0,0,0,2012,1,2.0
PAPAYA,colabs,0,2000,2001.0,0,0,3,3,5,2,0,1,0,0,0,0,0,0,0,0,0,0,0,2001,1,2.0
PEACE,krazy_entertainment,0,2018,2019.0,0,0,4,4,4,0,0,0,0,0,0,1,0,0,0,0,0,0,0,2019,1,2.0
Peach Girl,jm_star_entertainment,0,2013,2014.0,1,0,5,5,5,0,0,0,0,0,0,1,0,0,0,0,0,0,0,2013,1,2.0
Piggy Dolls,winning_insight,0,2011,2013.0,0,0,6,3,3,3,0,1,1,0,0,3,0,0,0,0,0,0,0,2013,5,3.0
PIT A PAT,pit_a_pat_entertainment,0,2017,2017.0,2,0,6,6,6,0,0,0,0,0,0,1,0,0,0,0,0,0,0,2017,1,1.0
Playback,colabs,0,2015,2018.0,4,0,4,3,4,2,0,0,0,0,1,3,0,0,0,0,0,0,0,2017,4,4.0
PPL,parksal_company,0,2015,2018.0,3,0,6,6,6,0,0,0,0,0,0,3,0,0,0,0,0,1,0,2017,4,4.0
PRISMA,unionwave_entertainment,0,2020,2021.0,1,0,5,5,5,0,0,0,0,0,1,0,0,0,0,0,0,0,0,2020,1,2.0
PRISTIN,pledis_entertainment,0,2017,2019.0,1,1,11,12,12,0,1,0,2,0,0,2,0,0,0,0,0,0,1,2017,5,3.0
Purfles,crescendo_music,0,2014,2016.0,4,0,3,3,3,0,0,0,0,0,0,3,0,0,0,0,0,0,0,2015,3,3.0
Purplay,purple_i_ent,0,2013,2014.0,1,0,4,4,4,0,0,0,0,0,0,1,0,0,0,0,0,0,0,2013,1,2.0
Queen B'Z,js_entertainment,0,2012,2017.0,2,0,5,5,5,0,0,0,0,0,0,3,1,0,0,0,0,0,3,2017,7,6.0
Queendom,anj_entertainment,0,2015,2017.0,6,0,3,1,3,7,0,0,0,0,0,5,0,0,0,0,0,0,0,2017,5,3.0
ANJ Entertainment,dsp_media,0,2009,2016.0,5,0,7,7,7,0,2,1,4,0,0,2,0,1,0,0,3,0,5,2016,16,8.0
Ramisu,ui_entertainment,0,2017,2017.0,3,0,3,3,3,0,0,0,0,0,0,1,0,0,0,0,0,0,0,2017,1,1.0
RaNia,colabs,0,2011,2020.0,5,0,5,0,8,19,0,0,3,3,0,4,0,0,0,0,0,0,1,2017,11,10.0
Real Girls Project,interactive_media_mix,0,2016,2018.0,4,0,10,10,10,0,0,0,0,0,0,2,0,0,1,0,0,2,3,2017,8,3.0
Refund Sisters,mbc,0,2020,2020.0,0,0,4,4,4,0,0,0,0,0,1,0,0,0,0,0,0,0,0,2020,1,1.0
Rendezvous,parksal_company,0,2018,2019.0,4,0,4,3,4,8,0,0,0,0,0,1,0,0,0,0,0,0,0,2019,1,2.0
Rose Finger,colabs,0,2017,2020.0,1,0,4,2,2,3,0,0,0,0,0,3,0,0,0,0,0,0,0,2019,3,4.0
S.E.S.,sm_entertainment,0,1997,2002.0,1,0,3,3,3,0,0,5,0,3,0,0,0,2,0,0,9,0,0,2002,19,6.0
S.E.S.,sm_entertainment,0,2016,2017.0,1,0,3,3,3,0,0,0,0,2,0,0,0,0,0,0,0,0,0,2017,2,2.0
S.E.T,hoonstar_entertainment,0,2017,2017.0,4,0,3,3,3,0,0,0,0,0,0,1,0,0,0,0,0,0,0,2017,1,1.0
S2,climix,0,2017,2018.0,4,0,6,6,6,0,0,0,0,0,1,0,0,0,0,0,0,0,0,2017,1,2.0
S2U,one_shot_entertainment,0,2017,2019.0,1,0,3,2,3,3,0,0,0,0,0,2,0,0,0,0,0,0,0,2018,2,3.0
Scarlet,colabs,0,2014,2015.0,2,0,4,4,6,2,0,0,0,0,0,2,0,0,0,0,0,0,0,2014,2,2.0
Secret,ts_entertainment,0,2009,2018.0,3,0,3,3,4,1,0,1,5,0,3,2,0,1,1,0,5,0,2,2014,20,10.0
See U,donga_planning,0,1999,2000.0,0,0,3,3,3,0,0,1,0,0,0,0,0,0,0,0,0,0,0,1999,1,2.0
SHA SHA,major_entertainment,0,2017,2019.0,0,0,6,3,6,6,0,0,0,0,2,1,0,0,0,0,0,0,0,2018,3,3.0
S#aFLA,vine_entertainment,0,2018,2019.0,3,0,4,4,4,0,0,0,0,0,0,2,0,0,0,0,0,0,0,2019,2,2.0
She'Z,line_entertainment,0,2012,2014.0,3,0,4,4,4,0,0,0,1,0,1,5,0,0,0,0,0,0,1,2014,8,3.0
SHINVI,cid.k_entertainment,0,2002,2003.0,0,0,3,3,3,0,0,1,0,0,0,0,0,0,0,0,0,0,2,2002,3,2.0
SIOSIJAK,good_dream_entertainment,0,2018,2020.0,4,0,4,2,5,7,0,0,0,0,0,1,0,0,0,0,0,0,0,2018,1,3.0
SISTAR,starship_entertainment,0,2010,2017.0,7,0,4,4,4,0,1,2,4,2,3,4,0,0,0,0,0,0,3,2017,18,8.0
Six Bomb,world_event_agency,0,2012,2012.0,3,0,5,5,5,0,0,0,1,0,0,0,0,0,0,0,0,0,0,2012,1,1.0
SKarf,alpha_entertainment,0,2012,2014.0,2,0,5,5,6,1,0,0,1,0,1,0,0,0,0,0,0,0,0,2013,2,3.0
Sol-T,probeat_company,0,2016,2017.0,0,0,6,4,4,2,0,0,0,0,0,2,0,0,0,0,0,0,0,2016,2,2.0
SPICA,colabs,0,2012,2017.0,4,0,5,5,5,0,1,0,2,0,0,5,1,0,0,0,0,1,3,2016,12,6.0
Stellar,the_entertainment_pascal,0,2011,2018.0,5,0,4,0,4,8,0,0,3,0,1,6,0,0,0,0,0,0,1,2017,11,8.0
Sugar Moon,bigband_entertainment,0,2016,2016.0,3,0,4,4,4,0,0,0,0,0,0,1,0,0,0,0,0,0,0,2016,1,1.0
Sugar Tint,ramah_entertainment,0,2018,2019.0,2,0,5,5,5,0,0,0,0,0,0,1,0,0,0,0,0,0,0,2018,1,2.0
Sunny Days,haeun_entertainment,0,2012,2016.0,3,0,5,1,6,11,0,0,0,0,0,6,1,0,0,0,0,0,1,2015,8,5.0
Sunny Play,make_d_entertainment,0,2017,2018.0,0,0,9,9,9,0,0,0,0,0,0,1,0,0,0,0,0,0,0,2017,1,2.0
SUPA,sp_entertainment,0,2016,2018.0,1,0,5,4,4,1,0,0,0,0,0,2,0,0,0,0,0,0,0,2017,2,3.0
SWAN,forasia_entertainment,0,2007,2007.0,0,0,4,4,4,0,0,0,0,0,0,1,0,0,0,0,0,0,0,2007,1,1.0
Swi.T,yg_entertainment,0,2002,2004.0,0,0,3,3,3,0,0,1,0,0,0,0,0,0,0,0,0,0,0,2002,1,3.0
Switch Berry,dam_entertainment,0,2012,2018.0,2,0,4,0,4,15,0,0,0,0,0,4,0,0,0,0,0,0,0,2016,4,7.0
T-ARA,mbk_entertainment,0,2009,2017.0,4,0,4,4,6,4,2,1,9,2,0,10,0,3,0,0,9,1,11,2017,46,9.0
T.T.Ma,music_factory_entertainment,0,1999,2002.0,0,0,5,3,5,4,0,2,0,0,0,1,0,0,0,0,0,0,0,2000,3,4.0
Tahiti,dreamstar_entertainment,0,2012,2018.0,6,0,4,3,6,7,0,0,2,0,0,5,0,0,0,0,0,0,2,2016,9,7.0
The Ark,music_k_entertainment,0,2015,2016.0,5,0,5,5,5,0,0,0,0,0,0,1,0,0,0,0,0,0,0,2015,1,2.0
THE GLOSS,mgmc_korea_limited,0,2013,2014.0,5,0,3,3,3,0,0,0,0,0,0,1,0,0,0,0,0,0,0,2013,1,2.0
The Grace,sm_entertainment,0,2005,2015.0,0,0,3,3,4,1,0,1,0,0,4,0,0,2,0,0,7,0,0,2013,14,11.0
The Lush,oscar_entertainment,0,2013,2017.0,0,0,3,3,3,0,0,0,0,0,0,4,0,0,0,0,0,0,4,2017,8,5.0
The SeeYa,core_contents_media,0,2012,2016.0,0,0,4,4,4,0,0,0,1,0,0,4,0,0,0,0,0,0,3,2014,8,5.0
The Starz,shin_enetrtainment,0,2015,2017.0,0,0,4,4,5,1,0,0,0,0,0,2,0,0,0,0,0,0,0,2016,2,3.0
TINT,gh_entertainment,0,2013,2015.0,3,0,5,5,5,0,0,0,0,0,2,0,0,0,0,0,0,0,0,2014,2,3.0
Tiny-G,gng_production,0,2012,2015.0,0,0,3,3,4,1,1,0,0,0,0,4,0,0,0,0,0,1,2,2014,7,4.0
To-Ya,norman_entertainment,0,2000,2003.0,0,0,3,3,3,0,0,1,0,0,0,0,0,0,0,0,1,0,0,2001,2,4.0
TREN-D,baeksang_entertainment,0,2013,2016.0,4,0,5,1,5,8,0,0,0,1,0,3,0,0,0,0,0,0,0,2015,4,4.0
TROPICAL,luk_factory,0,2018,2019.0,4,0,4,4,4,0,0,0,0,0,0,1,0,0,0,0,0,0,0,2018,1,2.0
TURAN,starpro_entertainment,0,2013,2016.0,2,0,6,0,7,14,0,0,1,0,0,1,0,0,1,0,0,0,0,2016,3,4.0
Two X,star_gaze_entertainment,0,2012,2017.0,4,0,4,4,5,1,0,0,0,0,3,0,0,0,0,0,0,0,0,2016,3,6.0
U-HOO,vida_records,0,2017,2018.0,0,0,4,4,4,0,0,0,0,0,0,1,0,0,0,0,0,0,0,2017,1,2.0
U-US,erum_entertainment,0,2016,2019.0,0,0,3,3,3,0,0,0,0,0,0,1,0,0,0,0,0,0,1,2018,2,4.0
UNI.T,pocketdol_studio,0,2018,2018.0,5,0,9,9,9,0,0,0,2,0,0,0,0,0,0,0,0,0,0,2018,2,1.0
UNICA,j-mate_entertainment,0,2017,2018.0,3,0,4,4,4,0,0,0,0,0,0,1,0,0,0,0,0,0,0,2017,1,2.0
Unicorn,cartoon_blue_company,0,2015,2017.0,5,0,4,4,5,1,0,0,2,0,0,0,0,0,0,0,0,0,0,2016,2,3.0
UNIZ,c2k_entertainment,0,2015,2016.0,2,0,5,5,5,0,0,0,0,0,0,1,0,0,0,0,0,0,0,2015,1,2.0
Ureka,hy_company,0,2016,2018.0,2,0,4,4,5,1,0,0,0,0,0,1,0,0,0,0,0,0,0,2016,1,3.0
Vanilla Lucy,hanmaek_entertainment,0,2010,2011.0,1,0,4,4,5,1,0,1,0,0,3,0,0,0,0,0,0,0,0,2011,4,2.0
Various,cowl_entertainment,0,2016,2018.0,5,0,4,1,5,8,0,0,0,0,0,3,0,0,0,0,0,0,0,2018,3,3.0
Vetty-L,oh_entertainment,0,2014,2016.0,3,0,3,3,3,0,0,0,0,0,0,2,0,0,0,0,0,0,0,2015,2,3.0
VIVA,shine_e&m,0,2017,2019.0,0,0,4,4,4,0,0,0,0,0,0,1,0,0,0,0,0,0,0,2017,1,3.0
VIVIDIVA,dn_entertainment,0,2015,2016.0,5,0,5,5,5,0,0,0,0,0,0,2,0,0,0,0,0,0,0,2015,2,2.0
WANNA.B,zenith_media_contents,0,2014,2019.0,6,0,4,0,4,11,0,0,0,0,0,5,0,0,0,0,0,0,0,2019,5,6.0
Wassup,colabs,0,2013,2019.0,3,0,4,4,7,3,0,0,3,0,0,5,0,0,0,0,0,0,1,2017,9,7.0
Whiteday,wd_entertainment,0,2019,2020.0,5,0,3,3,3,0,0,0,0,0,0,1,0,0,0,0,0,0,0,2019,1,2.0
Wonder Girls,jyp_entertainment,0,2007,2017.0,3,0,4,3,6,5,0,3,2,0,4,5,0,1,2,0,0,7,1,2017,25,11.0
Ye-A,colabs,0,2014,2015.0,3,0,7,4,8,7,0,0,0,0,0,1,0,0,0,0,0,0,0,2014,1,2.0
Year 7 Class 1,dareun_byeol_entertainment,0,2014,2018.0,5,0,7,7,7,0,0,0,1,0,0,7,0,0,0,0,1,0,0,2017,9,5.0
Yellow Bee,addiction_entertainment,0,2017,2020.0,4,0,5,0,5,10,0,0,0,0,0,3,0,0,0,0,0,0,0,2019,3,4.0
YJIG,gr_entertainment,0,2018,2019.0,4,0,3,2,5,3,0,0,0,0,0,1,0,0,0,0,0,0,0,2018,1,2.0
015b,the015b,1,1990,1996.0,3,0,4,4,4,0,0,6,0,2,0,0,0,0,0,0,0,0,0,1996,8,7.0
14U,bg_entertainment,1,2017,2019.0,7,0,14,13,14,2,0,0,0,0,3,1,0,0,0,0,0,0,1,2018,5,3.0
1Team,liveworks_company,1,2019,2021.0,6,0,5,5,5,0,0,0,3,0,0,1,0,0,0,0,0,0,0,2020,4,3.0
1the9,colabs,1,2020,2020.0,5,0,9,9,9,0,0,0,4,0,0,1,0,0,0,0,0,0,0,2020,5,1.0
1tym,yg_entertainment,1,1998,2006.0,1,0,4,4,4,4,0,5,0,0,0,0,0,0,0,0,0,0,2,2005,7,9.0
2am,jyp_entertainment,1,2008,2015.0,4,0,4,4,4,0,0,3,3,0,2,0,0,1,0,0,5,1,0,2014,15,8.0
2pm,jyp_entertainment,1,2008,2017.0,8,0,6,6,7,1,0,6,1,0,3,6,0,5,0,0,12,0,1,2016,34,10.0
5urprise,fantagio_music,1,2014,2020.0,1,0,5,5,5,0,0,0,0,0,0,1,0,0,0,0,2,0,2,2016,5,7.0
A'st1,dsp_media,1,2008,2009.0,0,0,6,6,6,0,0,0,1,0,1,0,0,0,0,0,0,0,0,2009,2,2.0
A-jax,dsp_media,1,2012,2019.0,7,0,5,4,7,4,0,0,2,0,1,3,0,0,0,0,4,0,0,2018,10,8.0
A-prince,excellent_entertainment,1,2011,2015.0,3,0,5,1,5,8,0,0,3,0,1,3,0,0,0,0,0,0,0,2014,7,5.0
A6P,ds_entertainment,1,2015,2016.0,3,0,6,6,6,0,0,0,0,0,0,1,0,0,0,0,0,0,0,2015,1,2.0
AA,wellmade_starm,1,2011,2015.0,4,0,6,5,5,1,1,0,1,0,1,3,0,0,0,0,0,0,0,2013,5,5.0
all-star,burnhard_entertainment,1,2015,2017.0,3,0,2,2,5,3,0,0,0,0,0,1,0,0,0,0,0,0,0,2015,1,3.0
alldayz,guys_ent,1,2017,2017.0,1,0,4,4,4,0,0,0,0,0,0,1,0,0,0,0,0,0,0,2017,1,1.0
astin,kingtop_entertainment,1,2019,2019.0,3,0,8,8,8,0,0,0,0,1,0,0,0,0,0,0,0,0,0,2019,1,1.0
axisB,axb_entertainment,1,2016,2017.0,6,0,5,5,5,0,0,0,0,0,0,2,0,0,0,0,1,0,0,2017,3,2.0
B.A.P,ts_entertainment,1,2012,2019.0,5,0,4,4,6,2,1,2,5,1,8,4,0,3,0,0,9,0,0,2018,32,8.0
B.heart,poong_entertainment,1,2016,2018.0,4,0,4,4,4,0,0,0,1,0,0,5,0,0,0,0,0,0,1,2017,7,3.0
B.I.T(2017),sd.ent,1,2017,2017.0,0,0,5,5,5,0,0,0,0,0,0,2,0,0,0,0,0,0,0,2017,2,1.0
B.O.i,m.fel_entertainment,1,2013,2013.0,1,0,6,6,6,0,0,0,0,0,0,1,0,0,0,0,0,0,0,2013,1,1.0
baikal,baikal_entertainment,1,2017,2019.0,5,0,7,7,7,0,0,0,0,0,0,2,0,0,0,0,0,0,0,2018,2,3.0
be.A,chrome_entertainment,1,2014,2017.0,5,0,5,5,5,2,0,0,1,0,1,4,0,0,0,0,0,0,1,2017,7,4.0
beatwin,elen_entertainment,1,2017,2017.0,6,0,5,5,6,1,0,0,2,0,0,5,0,0,0,0,3,0,1,2017,11,1.0
BECZ,h&h_entertainment,1,2020,2020.0,0,0,5,5,5,0,0,0,0,0,0,1,0,0,0,0,0,0,0,2020,1,1.0
Boyfriend,starship_entertainment,1,2011,2019.0,3,0,6,6,6,0,0,1,5,0,3,3,0,3,1,0,12,0,0,2019,28,9.0
big brain,major9,1,2015,2017.0,4,0,4,4,4,0,0,0,0,0,0,5,0,0,0,0,0,0,0,2016,5,3.0
bigstar,brave_entertainment,1,2012,2019.0,5,0,5,5,5,0,0,0,3,0,0,4,0,0,0,0,0,0,1,2015,8,8.0
BLACK6IX,black_hole_entertainment,1,2017,2021.0,5,0,6,6,6,0,0,0,2,0,0,3,0,0,0,0,0,0,0,2020,5,5.0
BLANC7,jackpot_entertainment,1,2017,2019.0,5,0,7,7,7,0,0,0,0,0,0,3,0,0,0,0,0,0,1,2018,4,3.0
BLAST,kings_entertainment,1,2014,2015.0,2,0,5,0,5,12,0,0,0,0,0,2,0,0,0,0,0,0,0,2014,2,2.0
BLK,byking_entertainment,1,2017,2018.0,5,0,7,6,6,1,0,0,1,0,0,0,0,0,0,0,0,0,0,2017,1,2.0
Boys Republic,colabs,1,2013,2018.0,6,0,5,5,5,0,0,0,3,0,0,5,0,1,0,0,5,0,1,2018,15,6.0
BOYS24,cj_e&m,1,2016,2017.0,1,0,8,8,8,0,5,2,0,0,1,1,0,0,0,0,0,0,0,2017,4,2.0
BLT,colabs,1,2014,2015.0,4,0,7,4,7,6,0,0,1,0,0,1,0,0,0,0,0,0,0,2015,2,2.0
Buzz(1),in_next_trend,1,2003,2006.0,2,0,5,5,7,2,0,1,3,1,0,3,0,0,0,0,0,0,8,2006,16,4.0
C-CLOWN,yedang_entertainment,1,2012,2015.0,0,0,6,6,6,0,0,0,4,0,0,3,0,0,0,0,0,0,0,2014,7,4.0
Champs,js_entertainment,1,2013,2015.0,2,0,5,5,5,0,0,0,0,0,0,2,0,0,0,0,0,0,0,2014,2,3.0
cici,upvote_entertainment,1,2019,2019.0,5,0,4,4,4,0,0,0,0,0,0,1,0,0,0,0,0,0,0,2019,1,1.0
Code-V,code_m_agency,1,2010,2018.0,3,0,5,3,6,4,0,1,0,0,0,2,0,5,0,1,18,0,2,2018,29,9.0
bless,code_m_agency,1,2007,2010.0,3,0,3,3,5,2,0,0,0,0,2,2,0,0,0,0,0,0,0,2009,4,4.0
dmtn(1),2works_entertainment,1,2010,2013.0,1,0,6,6,6,0,0,0,2,0,0,3,0,0,0,0,0,0,1,2013,6,4.0
Double Eight,hy_company,1,2015,2017.0,3,0,6,3,5,5,0,0,0,0,0,2,0,0,0,0,0,0,0,2017,2,3.0
Drunken Tiger,feel_ghood_music,1,1998,2018.0,2,0,2,2,2,0,0,10,0,0,0,4,0,0,0,0,0,0,4,2018,18,21.0
E7,excellent_entertainment,1,2012,2013.0,2,0,6,6,6,0,0,0,0,0,0,1,0,0,0,0,0,0,0,2012,1,2.0
ELVIN CREW,hicc,1,2017,2017.0,3,0,5,5,5,0,0,0,0,0,0,1,0,0,0,0,0,0,0,2017,1,1.0
ENOi,kithewhale_company,1,2019,2021.0,2,0,7,7,7,0,0,0,1,2,0,1,0,0,0,0,0,0,0,2020,4,3.0
FALLANC,rf_entertainment,1,2018,2019.0,2,0,4,4,4,0,0,0,0,0,0,1,0,0,0,0,0,0,0,2018,1,2.0
FameUs,colabs,1,2014,2016.0,3,0,6,6,6,0,0,0,1,0,0,2,0,0,0,0,0,0,0,2015,3,3.0
GIDONGDAE,2y_entertainment,1,2021,2021.0,7,0,5,5,5,0,0,0,0,0,0,1,0,0,0,0,0,0,0,2020,1,1.0
god(1),jyp_entertainment,1,1999,2005.0,4,0,5,5,5,0,0,7,0,0,0,0,0,0,0,0,0,0,2,2005,9,7.0
H.O.T,sm_entertainment,1,1996,2001.0,0,0,5,5,5,0,0,5,0,4,0,0,0,0,0,0,0,0,2,2001,11,6.0
HBY,opus_entertainment,1,2017,2020.0,5,0,4,4,5,1,1,0,0,0,2,0,0,0,0,0,0,0,0,2019,2,4.0
HeartB,marblepop_entertainment,1,2014,2016.0,6,0,4,4,4,0,0,0,2,0,0,4,0,0,0,0,0,0,0,2015,6,3.0
Herycle,gul_dduk_entertainment,1,2012,2014.0,3,0,5,5,5,0,0,0,0,0,0,1,0,0,0,0,0,0,0,2014,1,3.0
Hidden,yanus_music,1,2015,2016.0,1,0,5,5,5,0,0,0,1,0,0,2,0,0,0,0,0,0,0,2016,3,2.0
HIGH4,n.a.p._entertainment,1,2014,2017.0,8,0,4,4,4,0,1,0,2,0,0,5,1,0,2,0,0,0,0,2017,10,4.0
BEAST,cube_entertainment,1,2009,2016.0,6,0,4,4,6,2,0,3,8,1,0,11,0,3,0,0,9,8,12,2016,55,8.0
HISTORY�,fave_entertainment,1,2013,2017.0,6,0,5,5,5,0,0,0,5,0,1,0,0,0,1,0,2,0,0,2016,9,5.0
HONEYST,fnc_entertainment,1,2017,2019.0,6,0,4,4,4,0,0,0,0,0,2,0,0,0,0,0,0,0,4,2019,6,3.0
HOTSHOT,star_crew_entertainment,1,2014,2021.0,6,1,6,6,6,0,0,0,2,0,1,2,0,0,0,0,1,0,0,2018,6,8.0
Hwang Project,jellyfish_entertainment,1,2008,2011.0,0,0,3,3,3,0,0,0,0,1,0,0,0,0,0,0,0,0,1,2011,2,4.0
I-REX,tarzan_entertainment,1,2013,2014.0,1,0,5,5,5,0,0,0,0,0,0,1,0,0,0,0,0,0,0,2013,1,2.0
INX,na_entertainment,1,2016,2017.0,5,0,5,5,5,0,0,0,0,0,0,1,0,0,0,0,0,0,0,2017,1,2.0
JACE,right_achievement_group,1,2014,2016.0,4,0,5,5,5,0,0,0,1,0,0,2,0,0,0,0,0,0,1,2015,4,3.0
JBJ,loen_entertainment,1,2017,2018.0,5,0,6,6,6,0,0,0,2,1,0,0,0,0,0,0,0,0,0,2018,3,2.0
Kingdom�2018,independent,1,2018,2018.0,0,0,3,3,3,0,0,0,0,0,0,1,0,0,0,0,0,0,0,2018,1,1.0
LC9,nega_network,1,2013,2015.0,4,0,5,5,6,1,0,0,1,0,0,1,0,0,0,0,0,0,1,2014,3,3.0
LedT,starkim_entertainment,1,2010,2016.0,2,0,3,1,5,11,0,0,3,0,2,8,0,0,0,0,0,0,2,2014,15,7.0
LUNAFLY,nega_network,1,2012,2017.0,4,0,2,2,5,3,0,1,1,0,2,4,0,1,0,0,0,1,2,2016,12,6.0
M.Crown,star_pro_entertainment,1,2015,2016.0,3,0,10,10,10,0,0,0,0,0,0,1,0,0,0,0,0,0,0,2015,1,2.0
MADTOWN,gni_entertainmen,1,2014,2017.0,3,0,7,7,7,0,0,0,3,0,0,1,0,0,1,0,0,0,1,2016,6,4.0
MASC,j_planet_entertainment,1,2016,2020.0,7,0,4,2,4,6,0,0,1,0,0,3,0,0,0,0,0,0,0,2019,4,5.0
MR.MR,e-ho_entertainment,1,2012,2018.0,5,0,5,3,5,6,0,0,2,0,0,7,0,0,0,0,5,0,0,2018,14,7.0
MYTEEN,the_music_works,1,2017,2019.0,4,0,6,6,7,1,0,0,2,0,0,0,0,0,0,0,1,0,0,2018,3,3.0
N-SONIC,c2k_entertainment,1,2011,2016.0,5,0,6,3,6,7,0,0,3,0,0,5,0,0,0,0,0,1,1,2016,10,6.0
NewBlood,hem_entertainment,1,2015,2016.0,1,0,4,4,4,0,0,0,0,0,0,1,0,0,0,0,0,0,0,2016,1,2.0
NOM�,jm_star_entertainment,1,2013,2016.0,2,0,5,5,5,0,0,0,0,0,0,4,0,0,0,0,1,0,0,2015,5,4.0
NPI,new_planet_entertainment,1,2015,2016.0,3,0,6,6,6,0,0,0,0,0,0,2,0,0,0,0,0,0,0,2015,2,2.0
NUBOYZ,starship_entertainment,1,2014,2014.0,0,0,4,4,4,0,0,0,0,0,0,0,0,0,0,0,0,0,1,2014,1,1.0
One O One,starhaus_entertainment,1,2015,2019.0,5,0,4,4,4,0,0,0,0,0,0,3,0,0,0,0,0,0,0,2016,3,5.0
Phantom,brand_new_music,1,2011,2017.0,2,0,3,3,3,0,0,1,2,0,8,0,1,0,0,0,0,0,4,2015,16,7.0
PUREBOY,it_entertainment,1,2014,2018.0,4,0,5,0,11,16,1,0,1,0,0,1,0,0,0,0,1,0,1,2015,4,5.0
RAINZ,kiss_entertainment,1,2017,2018.0,7,0,7,7,7,0,0,0,2,0,0,1,0,0,0,0,2,0,1,2018,6,2.0
Road Boyz,coconut_entertainment,1,2015,2016.0,5,0,5,5,5,0,0,0,1,0,0,4,0,0,0,0,0,0,1,2016,6,2.0
SECHSKIES(1),dsp_media,1,1997,2000.0,3,0,6,6,6,0,0,4,0,1,0,0,0,0,0,0,0,0,0,2000,5,4.0
Seo Taiji and Boys,bando_records,1,1992,1996.0,0,0,3,3,3,0,0,4,0,4,1,0,0,0,0,0,0,0,0,1996,9,5.0
Seven O'clock,forest_network,1,2017,2021.0,7,0,7,7,8,1,0,0,3,0,1,1,1,0,0,0,0,0,4,2020,10,5.0
Solid,riak,1,1993,1997.0,5,0,3,3,3,0,0,5,0,1,0,0,0,0,0,0,0,0,0,1997,6,5.0
SPECTRUM�,wynn_entertainment,1,2018,2020.0,6,0,6,6,7,1,0,0,2,0,2,1,0,0,0,0,0,0,0,2020,5,3.0
SPEED,mbk_entertainment,1,2013,2015.0,2,0,8,8,8,0,0,2,3,0,0,2,0,0,0,0,0,0,2,2015,9,3.0
SS501,dsp_media,1,2005,2010.0,0,0,5,5,5,0,1,1,2,2,3,6,0,2,0,0,3,0,8,2010,27,6.0
T-MAX,planet905_entertainment,1,2007,2012.0,0,0,4,2,3,3,0,1,0,0,1,4,1,0,0,0,1,0,5,2011,13,6.0
T.E.N,narda_entertainment,1,2018,2018.0,2,0,10,10,10,0,0,0,0,0,1,0,0,0,0,0,0,0,0,2018,1,1.0
The King,stallion_entertainment,1,2014,2019.0,5,0,5,5,5,0,0,0,1,0,0,4,0,0,1,0,0,0,1,2019,7,6.0
The LEGEND,ss_entertainment,1,2014,2016.0,3,0,5,5,5,0,0,0,2,0,1,3,0,0,0,0,0,0,0,2016,6,3.0
TheEastLight.,media_line_entertainment,1,2016,2018.0,4,0,6,6,6,0,0,0,2,0,0,4,3,0,0,0,0,0,0,2018,9,3.0
TO.1,the_best_entertainment,1,2018,2018.0,1,0,8,8,8,0,0,0,0,0,0,1,0,0,0,0,0,0,0,2018,1,1.0
TREI,banana_culture,1,2017,2020.0,5,0,3,3,3,0,0,0,1,0,0,2,0,0,0,0,0,0,0,2019,3,4.0
Trophy,family_music_entertainment,1,2015,2016.0,4,0,5,5,5,0,0,0,0,0,0,2,0,0,0,0,0,0,0,2015,2,2.0
TROY,brand_new_music,1,2014,2017.0,3,0,4,4,4,0,0,0,0,0,0,2,0,0,0,0,0,0,0,2014,2,4.0
Trusty,playmusic_ground,1,2020,2020.0,2,0,4,4,4,0,0,0,0,0,0,1,0,0,0,0,0,0,0,2020,1,1.0
Turbo(1),the_turbo_company,1,1995,2000.0,0,0,3,3,3,0,0,5,0,4,0,0,0,0,0,0,0,0,0,2000,9,6.0
UNB,pocketdol_studio,1,2018,2019.0,8,0,9,9,9,0,0,2,0,0,0,0,0,0,0,0,0,0,0,2018,2,2.0
Underdog,independent,1,2013,2017.0,2,0,6,1,6,16,0,0,0,0,5,0,0,0,0,0,0,0,0,2015,5,5.0
VARSITY,jungle_entertainment,1,2017,2020.0,7,0,5,5,12,7,1,0,1,0,2,2,0,0,0,0,0,0,0,2020,5,4.0
VERMUDA,pacemaker_entertainment,1,2017,2019.0,3,0,5,4,5,2,0,0,0,0,1,1,0,0,0,0,0,0,0,2018,2,3.0
VX,jj_entertainment,1,2015,2017.0,6,0,5,5,5,0,0,0,2,0,0,2,0,0,0,0,0,0,0,2017,4,3.0
Wanna One,swing_entertainment,1,2017,2019.0,8,0,11,11,11,0,0,1,2,1,0,1,0,0,0,0,0,0,0,2018,5,3.0
Welldone Potato,banana_culture,1,2014,2016.0,3,0,4,4,4,0,0,0,0,0,0,1,0,0,0,0,0,0,2,2015,3,3.0
X1,swing_entertainment,1,2019,2020.0,6,0,11,11,11,0,0,0,1,0,0,0,0,0,0,0,0,0,0,2019,1,2.0
YDPP,starship_entertainment,1,2018,2019.0,0,0,4,4,4,0,0,0,0,0,0,1,0,0,0,0,0,0,0,2018,1,2.0
ZEST,zenith_media_contents,1,2014,2016.0,4,0,5,3,6,5,0,0,0,0,0,2,0,0,0,0,0,0,0,2014,2,3.0
ZPZG,j-star_entertainment,1,2014,2016.0,2,0,1,1,4,3,0,0,0,0,0,2,0,0,0,0,0,0,0,2015,2,3.0
(G)I-DLE,cube_entertainment,0,2018,2023.0,10,1,5,5,6,0,0,0,4,0,1,4,0,0,2,0,2,2,5,2021,20,6.280251012269105
3YE,gh_entertainment,0,2019,2021.0,5,0,3,3,3,0,0,0,1,0,0,4,1,0,0,0,0,0,0,2021,6,3.318989682798531
4CARAT,youngbridge_entertainment,0,2019,2020.0,1,0,3,3,4,1,0,0,0,0,0,2,0,0,0,0,0,0,0,2020,2,2.184230941015869
A-Daily,dk_entertainment,0,2014,2018.0,4,0,2,2,6,7,0,0,1,0,0,3,0,0,0,0,0,0,1,2017,5,4.5178803083456955
A-Feel,sa_entertainment,0,2019,2020.0,2,0,4,4,4,0,0,0,0,0,0,1,0,0,0,0,0,0,0,2019,1,1.8071167515026332
ABRY,withhc,0,2017,2021.0,7,0,2,2,4,2,0,0,1,0,0,4,1,0,0,0,0,0,4,2019,10,4.680538330942994
aespa,sm_entertainment,0,2020,2022.0,7,0,4,4,4,0,0,0,0,0,0,3,0,0,0,0,0,0,0,2021,3,2.7564555718034
AOA,fnc_entertainment,0,2012,2019.0,8,0,3,3,8,5,2,1,6,0,5,0,0,2,0,0,5,2,2,2019,23,8.347087234071182
API,girl_group_api,0,2019,2020.0,3,0,5,5,5,0,0,0,0,0,0,2,0,0,0,0,0,0,0,2020,2,2.0579098397798816
Apink,play_m_entertainment,0,2011,2021.0,10,0,6,6,7,1,3,3,9,1,0,9,1,3,0,0,9,0,3,2021,38,11.178518698711486
APRIL,dsp_media,0,2015,2021.0,9,0,6,4,6,4,0,0,7,0,2,0,2,0,0,0,2,0,7,2020,20,7.016151594515847
ARIAZ,rising_star_entertainment,0,2019,2020.0,4,0,6,6,6,0,0,0,1,0,0,0,0,0,0,0,0,0,0,2019,1,1.8553339461343796
Asome.D,dy_entertainment,0,2020,2021.0,6,0,3,3,3,0,0,0,0,0,0,1,0,0,0,0,0,1,0,2020,2,2.423566106553764
B Girls,afreecatv,0,2018,2019.0,0,0,5,5,5,0,0,0,0,0,0,1,0,0,0,0,0,0,0,2018,1,1.559731472900367
Berry Chu,gyeolhwa_entertainment,0,2017,2018.0,0,0,6,6,6,0,0,0,0,0,0,1,0,0,0,0,0,0,0,2017,1,1.5308715691150638
Berry Good,jtg_entertainment,0,2014,2021.0,6,1,2,0,5,9,1,1,4,0,0,6,0,0,0,0,0,0,5,2021,16,7.8812486240528585
BLACKPINK,yg_entertainment,0,2016,2021.0,9,0,4,4,4,0,0,1,2,1,1,3,0,2,1,2,1,0,6,2020,20,6.09780266477442
BLACKSWAN(2020),dr_music,0,2020,2022.0,4,0,4,4,5,1,0,1,0,0,0,0,0,0,0,0,0,0,0,2020,1,2.679299290062332
Bling Bling,major9,0,2020,2021.0,6,0,6,6,6,0,0,0,1,0,0,1,0,0,0,0,0,0,0,2021,2,2.24424962560542
Blue Fox,blue_fox_entertainment,0,2018,2021.0,3,0,5,1,4,12,0,0,0,0,0,1,0,0,0,0,0,0,0,2018,1,3.8391649821088123
BlueMint,starcore,0,2019,2020.0,1,0,6,5,5,1,0,0,0,0,0,2,0,0,0,0,0,0,0,2019,2,1.9109169078093515
BOTOPASS,colabs,0,2020,2021.0,6,0,8,8,8,0,0,0,0,0,1,0,0,0,0,0,0,0,0,2020,1,1.8807856335992597
Brave Girls,brave_entertainment,0,2011,2017.0,7,0,4,0,4,10,0,0,4,0,1,6,0,0,0,0,0,0,1,2020,12,7.065535392139054
Brown Eyed Girls,apop_entertainment,0,2006,2017.0,5,0,4,4,4,0,1,6,3,2,0,8,0,0,0,0,0,0,10,2020,29,11.743107540979679
Busters,colabs,0,2017,2021.0,4,0,4,0,5,10,0,0,1,0,3,1,0,0,0,0,0,0,0,2020,5,4.9087892218071545
BVNDIT,mnh_entertainment,0,2019,2021.0,7,0,5,5,5,0,0,0,2,0,0,4,0,0,0,0,0,0,0,2020,6,3.4493032544026505
Byulzzi,the_new_entertainment,0,2020,2021.0,4,0,3,3,3,0,0,0,0,0,0,1,0,0,0,0,0,0,0,2020,1,2.054502030104871
Celeb Five,contents_lab_vivo,0,2018,2019.0,1,0,4,4,4,0,0,0,0,0,0,3,0,0,0,0,0,0,0,2019,3,2.22536899525295
Cherry Bullet,fnc_w,0,2019,2022.0,12,0,7,7,10,3,0,0,1,0,2,2,0,0,0,0,0,0,0,2021,5,4.183345678539624
Chic Angel,liz_entertainment,0,2015,2018.0,6,0,4,4,6,2,0,0,0,0,0,3,1,0,0,0,0,0,4,2020,8,4.036384503469478
CHIC&IDLE,liz_entertainment,0,2020,2020.0,2,0,9,9,9,0,0,0,0,0,0,1,0,0,0,0,0,0,0,2020,1,1.2893485888748728
cignature,j9_entertainment,0,2020,2022.0,7,0,5,5,7,2,0,0,0,1,0,2,0,0,0,0,0,0,1,2020,4,3.016618739952847
CLC,cube_entertainment,0,2015,2020.0,7,0,6,6,6,1,0,0,8,0,1,4,0,0,2,0,0,0,4,2021,19,6.436181222141514
CoCo,fancy_factory,0,2019,2022.0,6,0,6,3,7,11,0,0,0,0,0,2,0,0,0,0,0,0,0,2020,2,4.083601550670906
Cookie,hr_entertainment,0,2021,2022.0,2,0,4,4,4,0,0,0,0,0,0,1,0,0,0,0,0,0,0,2021,1,1.6826272036022232
CRAXY,sai_entertainment,0,2020,2022.0,6,0,5,5,5,0,0,1,0,0,0,1,0,0,0,0,0,0,1,2020,3,3.0272566467980937
DESTINY,fate_entertainment,0,2018,2019.0,3,0,4,4,4,0,0,0,0,0,0,2,0,0,0,0,0,0,0,2019,2,2.211259291465595
DIA,colabs,0,2015,2020.0,5,1,7,4,7,5,2,2,6,0,0,1,0,0,0,0,0,0,1,2020,10,6.11331149563533
Dream Candy,colabs,0,2020,2022.0,2,0,7,3,7,8,0,0,0,0,0,2,0,0,0,0,0,0,0,2020,2,3.005289987605522
Dreamcatcher,dreamcatcher_company,0,2017,2022.0,8,0,7,7,7,0,0,1,6,1,2,0,2,1,0,0,4,3,1,2021,21,6.384399383473308
DreamNote,ime_korea,0,2018,2020.0,5,0,6,6,8,2,0,0,0,0,3,0,0,0,0,0,0,0,0,2020,3,2.9953294826446353
ELRIS,hunus_entertainment,0,2017,2019.0,6,0,7,6,6,1,0,0,4,0,0,1,0,0,0,0,0,0,1,2020,6,3.386663853604759
Episode,pops_entertainment,0,2015,2019.0,7,0,5,1,4,11,0,0,0,0,0,4,0,0,0,0,0,0,0,2020,4,4.998218168824337
EVERGLOW,yue_hua_entertainment,0,2019,2021.0,6,0,6,6,6,0,0,0,2,0,3,0,0,0,0,0,0,0,1,2021,6,3.3566843643512527
EXID,tokuma_japan_communications,0,2012,2020.0,10,0,5,3,5,6,0,1,5,0,2,9,0,2,0,0,2,3,2,2020,26,9.206392336405898
FANATICS,fent,0,2019,2020.0,4,0,6,6,6,0,1,0,2,0,0,1,0,0,0,0,0,0,0,2021,3,2.332505278628801
Fanxy Red,tov_entertainment,0,2017,2019.0,2,1,4,4,7,3,0,0,0,0,1,0,0,0,0,1,2,0,0,2020,4,2.934415383399582
fromis_9,off_the_record_entertainment,0,2017,2020.0,8,0,9,9,9,0,0,0,3,0,2,1,1,0,0,0,0,0,0,2021,7,3.6076398903972233
FAVORITE,astory_entertainment,0,2017,2019.0,6,0,6,6,6,0,0,0,3,0,0,1,0,0,0,0,1,0,0,2020,5,3.0705951568682224
flor_us,yeom_entertainment,0,2018,2020.0,3,0,3,3,4,1,0,0,0,0,0,4,0,0,0,0,0,0,0,2020,4,2.930271246991637
Floria,dk_entertainment,0,2020,2021.0,4,0,4,4,4,0,0,0,0,0,1,1,0,0,0,0,0,0,0,2020,2,2.259314048328662
FlyWithMe,fa_entertainment,0,2018,2020.0,0,0,5,3,3,2,0,0,0,0,0,4,0,0,0,0,0,0,0,2020,4,2.5829109498771174
G-reyish,big_ocean_enm,0,2017,2020.0,6,0,4,3,4,1,0,0,1,0,0,6,0,0,0,0,0,0,0,2021,7,3.9390058165304964
Gavy NJ,good_fellas_entertainment,0,2005,2022.0,3,0,3,0,3,7,0,7,3,0,0,23,0,0,0,0,0,0,17,2020,50,17.929408484738346
GFRIEND,source_music,0,2015,2022.0,11,0,6,6,6,0,0,3,10,0,0,0,0,1,0,0,3,2,2,2020,21,8.326186999817992
GIRL CRUSH,dam_entertainment,0,2019,2020.0,3,0,4,4,5,1,0,0,0,0,0,1,0,0,0,0,0,0,0,2019,1,2.079016559493027
GIRLKIND,nextlevel_entertainment,0,2018,2020.0,4,1,5,0,5,0,1,0,0,0,0,4,1,0,0,0,0,0,0,2020,5,2.84522615997912
Girls' Generation,sm_entertainment,0,2007,2020.0,8,0,8,8,9,1,2,6,4,4,2,5,5,3,0,0,9,3,7,2017,48,13.803270222452895
Girls2000,colabs,0,2020,2022.0,5,0,4,4,4,0,0,0,0,0,0,3,0,0,0,0,0,0,0,2021,3,2.5379301969864514
GLOSS,futures,0,2019,2020.0,2,0,4,4,4,0,0,0,0,0,0,1,0,0,0,0,0,0,0,2019,1,1.8071167515026332
GsA,roots_entertainment,0,2017,2019.0,5,0,3,3,6,3,0,0,0,0,0,3,0,0,0,0,0,0,0,2019,3,3.3036805583183337
GWSN,miles,0,2018,2020.0,8,0,7,7,7,0,0,0,4,0,0,0,0,0,0,0,0,0,2,2020,6,3.2982109569172025
Hashtag,luk_factory,0,2017,2018.0,5,0,7,7,7,0,0,0,2,0,0,1,0,0,0,0,0,0,0,2019,3,2.4751528362021844
HeyGirls,moai_entertainment,0,2012,2018.0,5,1,6,0,6,21,0,0,0,0,0,7,1,0,0,0,0,0,0,2021,8,7.3501375813865195
HeyMiss,cg_entertainment,0,2016,2018.0,2,0,3,3,8,5,0,0,0,0,0,1,0,0,0,0,0,0,0,2016,1,2.8981413539983407
HI CUTIE,space_music_entertainment,0,2017,2021.0,5,0,4,3,5,3,0,0,0,0,0,9,0,0,0,0,0,0,1,2021,10,4.758925053840585
Hibana,to_hermitage,0,2020,2021.0,3,0,3,3,4,1,0,0,0,0,0,1,0,0,0,0,0,1,0,2020,2,2.258415164910261
HighSchool,richworld_entertainment,0,2017,2020.0,6,0,3,1,4,5,0,0,1,0,0,2,0,0,0,0,0,0,0,2020,3,3.7501186621764617
HIGHTEEN,illusion_entertainment,0,2016,2018.0,5,0,4,4,4,0,0,0,2,0,0,2,0,0,0,0,0,0,1,2018,5,3.193885423595134
HINT,starpro_entertainment,0,2017,2019.0,5,0,5,5,8,3,0,0,1,0,0,2,1,0,0,0,0,0,0,2020,4,3.283911079765062
HOLICS,lpa_entertainment,0,2016,2019.0,5,0,5,3,5,7,0,0,0,0,3,1,0,0,0,0,0,0,0,2019,4,4.256744389794449
Honey Popcorn,kyun_create,0,2018,2020.0,3,0,5,2,3,4,0,0,2,0,0,0,0,0,0,0,0,1,0,2019,3,2.9450441482613456
HOT ISSUE,s2_entertainment,0,2021,2022.0,8,0,7,7,7,0,0,0,1,0,0,0,0,0,0,0,0,0,0,2021,1,2.076790470132366
I.C.E,hs_entertainment,0,2015,2017.0,4,0,3,3,4,2,0,0,1,0,0,3,0,0,0,0,0,0,0,2020,4,3.4008065521184676
ICU,liz_entertainment,0,2019,2021.0,5,0,5,5,5,0,0,0,0,0,0,2,2,0,0,0,0,1,2,2021,7,3.029128722756525
ITZY,jyp_entertainment,0,2009,2012.0,8,0,5,5,5,0,0,0,4,0,0,2,0,0,0,0,0,1,0,2021,7,4.355354733516748
KAACHI,frontrow_records,0,2020,2021.0,5,0,4,4,4,0,0,0,0,0,0,2,0,0,0,0,0,0,0,2020,2,2.3052951183821335
LABOUM,laboum,0,2014,2020.0,10,0,5,5,6,1,0,1,2,0,6,4,0,1,0,0,1,1,1,2020,17,7.108706745770661
LADIES' CODE,polaris_entertainment,0,2013,2018.0,6,0,3,3,5,2,0,0,4,0,2,4,2,0,0,0,0,0,1,2019,13,5.753514811924887
LAYSHA,a1_entertainment,0,2015,2019.0,4,0,4,2,4,8,0,0,0,0,0,5,0,0,0,0,0,0,0,2019,5,4.50625850119296
Like Me,space_music_entertainment,0,2020,2021.0,1,0,4,4,4,0,0,0,0,0,0,1,0,0,0,0,0,0,0,2020,1,1.6356092901439325
Little Cheer Girl,rainbow_company,0,2015,2020.0,3,0,5,0,5,20,0,0,0,0,0,5,0,0,0,0,0,0,0,2020,5,6.257536583032007
LIVE HIGH,crayon_star_entertainment,0,2013,2017.0,8,0,3,1,4,6,0,0,0,0,0,5,0,0,0,1,0,0,0,2019,6,4.984167936930888
LOO??,blockberrycreative,0,2016,2022.0,9,0,12,12,12,0,3,0,3,1,12,3,0,0,0,0,0,0,0,2020,19,6.887821715412414
Lovelyz,woollim_entertainment,0,2014,2020.0,6,0,8,8,8,0,0,2,7,1,1,2,1,0,0,0,0,0,4,2020,18,6.863861493023833
LUNARSOLAR,j_planet_entertainment,0,2020,2021.0,5,0,4,4,4,0,0,0,0,0,2,0,0,0,0,0,0,0,0,2021,2,2.4318583530921103
Lusty,babaplay,0,2019,2020.0,3,0,5,5,5,0,0,0,0,0,0,1,1,0,0,0,0,0,0,2020,2,1.9758134628075226
MAJORS,ans_entertainment,0,2021,2022.0,6,0,6,6,6,0,0,0,0,0,0,2,0,0,0,0,0,0,0,2021,2,2.1701036763693935
Maka Maka,bluemoon_entertainment,0,2020,2021.0,6,0,5,5,5,0,0,0,0,0,0,1,0,0,0,0,0,0,0,2020,1,2.0908180494508173
MAMAMOO,rbw,0,2014,2024.0,7,0,4,4,4,0,0,2,10,0,0,6,5,2,1,0,4,0,14,2021,44,11.147397145701447
Milkyway,juju_sisters,0,2019,2020.0,2,0,5,5,5,0,0,0,0,0,0,1,0,0,0,0,0,0,0,2020,1,1.7160120737671178
Mini Little Cheer Girl,rainbow_company,0,2019,2020.0,3,0,5,2,6,1,0,0,0,0,0,2,0,0,0,0,0,0,0,2021,2,2.2205469603618013
MOMOLAND,mld_entertainment,0,2016,2021.0,7,0,6,6,7,3,0,0,5,1,3,1,0,1,0,0,3,0,5,2021,19,6.113435731190549
My Darling,al_entertainment,0,2018,2021.0,6,0,3,1,3,7,0,0,0,0,0,3,0,0,0,0,0,0,0,2019,3,4.001246954104261
NATURE,n.ch_entertainment,0,2018,2021.0,9,0,9,8,9,2,0,0,2,0,3,0,0,0,0,0,1,0,2,2020,8,4.09975481174807
OH MY GIRL,wm_entertainment,0,2015,2022.0,10,0,7,7,8,1,1,1,8,1,0,1,0,3,0,0,1,6,11,2021,32,7.913711759179563
ONE,onecompany2020,0,2020,2021.0,0,0,4,4,4,0,0,0,0,0,0,1,0,0,0,0,0,0,0,2020,1,1.5263466027354582
PIERCE,clevr_e&m,0,2018,2021.0,1,0,5,3,5,6,0,0,0,0,0,6,0,0,0,0,0,0,0,2021,6,3.8079922768218637
PinkFantasy,mydoll_entertainment,0,2018,2021.0,4,0,5,5,8,3,3,0,0,0,2,3,0,0,0,0,1,0,0,2021,6,3.6923358350391453
PIXY,colabs,0,2020,2021.0,5,0,6,6,6,0,0,0,1,0,0,1,0,0,0,0,0,0,0,2021,2,2.1349869381969455
Pocket Girls,missdica_entertainment,0,2015,2017.0,4,0,3,3,3,0,0,0,0,0,0,2,0,0,0,0,0,0,0,2017,2,2.5983609784602066
PRECIOUS,umi_entertainment,0,2020,2021.0,5,0,5,5,5,0,0,0,0,0,1,1,0,0,0,0,0,0,0,2020,2,2.277472058001621
PRISM,lch_entertainment,0,2017,2019.0,4,0,4,2,2,2,0,0,0,0,0,2,0,0,0,0,0,0,0,2019,2,2.7080409939881207
PRITTI-G,colabs,0,2015,2018.0,3,0,6,3,5,8,0,0,0,0,0,5,0,0,0,0,0,0,0,2017,5,4.214786458313469
Pungdeng-E,doma_entertainment,0,2013,2018.0,6,0,3,3,3,0,0,1,3,0,0,8,2,1,0,0,1,0,1,2019,17,6.303588099159612
PURPLE,luk_factory,0,2018,2019.0,0,0,3,3,3,0,0,0,0,0,0,1,0,0,0,0,0,0,0,2018,1,1.7419408283713835
PURPLE K!SS,rbw,0,2018,2020.0,7,0,7,5,6,3,0,0,1,0,0,2,0,0,0,0,0,0,0,2021,3,3.1074436235288516
PURPLEBECK,majesty_entertainment,0,2019,2021.0,5,0,5,5,5,0,0,0,1,0,2,0,0,0,0,0,0,0,0,2020,3,2.647534703196939
Q6IX,retro_entertainment,0,2019,2020.0,1,0,5,2,2,3,0,0,0,0,0,2,0,0,0,0,0,0,0,2020,2,2.327295826708692
QODES,ej_music_entertainment,0,2021,2023.0,4,0,4,4,4,0,0,0,0,0,0,6,0,0,0,0,0,0,0,2021,6,3.06432797144069
RE:KIDS ANGEL,retune_music,0,2020,2021.0,4,0,4,4,4,0,0,0,0,0,0,2,0,0,0,0,0,0,0,2021,2,2.196032430973659
RE:KIDS BLOOM,retune_music,0,2020,2021.0,4,0,5,4,4,1,0,0,0,0,0,1,0,0,0,0,0,0,0,2021,1,2.034929795215774
Red Mint,redmintwo,0,2018,2020.0,1,0,2,2,4,2,0,0,0,0,0,2,0,0,0,0,0,0,0,2021,2,2.500217513283502
Red Velvet,sm_entertainment,0,2014,2021.0,9,0,5,5,5,0,1,2,9,2,0,8,0,10,2,0,0,3,4,2020,40,8.211557284551347
REDSQUARE,iconic_mne,0,2020,2021.0,4,0,5,5,5,0,0,0,0,0,1,0,0,0,0,0,0,0,0,2020,1,1.9355742919888428
Refiners,unknown,0,2019,2020.0,0,0,4,4,4,0,0,0,0,0,0,1,0,0,0,0,0,0,0,2019,1,1.5885913766856703
Rocket Punch,woollim_entertainment,0,2019,2021.0,9,0,6,6,6,0,0,0,3,0,1,0,0,0,0,0,0,0,1,2021,5,3.3371752885482238
S.I.S,xx_entertainment,0,2017,2020.0,7,1,4,4,6,2,0,0,0,0,4,0,0,0,0,0,0,0,1,2020,5,3.904764384474035
SATURDAY,sd_entertainment,0,2018,2022.0,6,0,5,3,7,6,0,0,0,0,3,2,2,0,0,0,0,0,0,2021,7,4.612592890588758
SECRET NUMBER,vine_entertainment,0,2020,2021.0,4,0,5,5,5,0,0,0,0,0,2,0,0,0,0,0,0,0,0,2020,2,2.231490987948135
Six Bomb,world_event_agency,0,2015,2019.0,3,0,3,2,4,5,1,0,0,0,0,8,0,0,0,0,0,0,0,2018,8,4.698094365587167
SKYGIRLS,colabs,0,2019,2020.0,3,0,4,4,4,0,0,0,0,0,0,1,0,0,0,0,0,0,0,2019,1,1.9163794389111075
SONAMOO,ts_entertainment,0,2014,2017.0,6,0,5,5,7,2,0,0,3,0,1,2,0,0,0,0,0,0,2,2019,8,4.352798873813697
SONOKI,independent,0,2020,2021.0,3,0,4,4,5,1,0,0,0,0,0,1,0,0,0,0,0,0,0,2020,1,2.016771785542815
STAYC,high_up_entertainment,0,2020,2021.0,6,0,6,6,6,0,0,0,0,0,2,0,0,0,0,0,0,0,0,2021,2,2.358911685029568
Sunny Hill,bod_entertainment,0,2007,2016.0,4,0,4,1,3,6,0,1,4,0,2,9,2,0,0,0,0,0,11,2021,29,9.922364190457543
TeensEL,el_movement,0,2018,2022.0,3,0,6,1,8,14,0,2,0,0,0,0,0,0,0,0,0,0,0,2019,2,5.412499258363553
The Pink Lady,od_entertainment,0,2019,2020.0,3,0,5,5,5,0,0,0,0,0,0,1,0,0,0,0,0,0,0,2019,1,1.8252747611755922
Tier 4,independent,0,2020,2021.0,0,0,4,4,4,0,0,0,0,0,0,1,0,0,0,0,0,0,1,2020,2,1.6768853043674028
TRI.BE,tr_entertainment,0,2020,2021.0,6,0,7,7,7,0,0,0,0,0,2,0,0,0,0,0,0,0,0,2021,2,2.267807007294067
TWEETY,time_entertainment,0,2015,2020.0,4,0,2,1,6,11,0,0,0,0,0,8,0,0,0,0,0,0,0,2019,8,5.8742844542226464
TWICE,jyp_entertainment,0,2015,2026.0,15,0,9,9,9,0,0,5,10,6,0,1,0,2,1,0,8,5,0,2021,38,11.841407650307602
Venus,colabs,0,2019,2020.0,0,0,3,3,3,0,0,0,0,0,0,1,0,0,0,0,0,0,0,2019,1,1.6796960544211856
VIOLET,afreecatv,0,2019,2020.0,0,0,5,5,6,1,0,0,0,0,0,1,0,0,0,0,0,0,0,2019,1,1.6601238195320889
Vitamin,clevr_e&m,0,2015,2022.0,2,0,4,1,7,16,0,0,0,0,0,13,2,0,0,0,0,0,0,2020,15,7.750988123129659
We Girls,aftermoon_entertainment,0,2017,2021.0,4,0,8,1,3,13,0,0,1,0,1,2,0,0,0,0,0,0,0,2019,4,4.6730835592966
Weeekly,play_m_entertainment,0,2020,2022.0,7,0,7,7,7,0,0,0,3,0,0,0,0,0,0,0,0,0,2,2021,5,2.8199224677182
Weki Meki,fantagio_music,0,2017,2021.0,8,0,8,8,8,0,0,0,4,0,2,1,2,0,0,0,0,0,3,2020,12,4.545435628550607
WIZ N,colabs,0,2020,2020.0,0,0,6,6,6,0,0,0,0,0,0,1,0,0,0,0,0,0,0,2020,1,1.3441372472644417
WJMK,colabs,0,2018,2019.0,0,0,3,3,3,0,0,0,0,0,0,1,0,0,0,0,0,0,0,2018,1,1.7419408283713835
WJSN,colabs,0,2016,2020.0,7,4,9,13,13,0,2,1,9,1,0,0,1,0,0,0,0,0,0,2021,12,5.097360907165623
woo!ah!,nv_entertainment,0,2020,2022.0,6,0,5,5,6,1,0,0,0,0,3,0,0,0,0,0,0,0,0,2021,3,2.9085701793062952
XoX,hakjam_company,0,2017,2020.0,3,0,3,0,3,10,0,0,0,0,0,2,0,0,0,0,0,0,0,2018,2,3.990979948970505
XUM,a100_entertainment,0,2020,2021.0,6,0,3,3,3,0,0,0,0,0,1,0,0,0,0,0,0,0,1,2020,2,2.4868477239087525
YPDA,j_company_entertainment,0,2018,2020.0,4,0,2,2,4,6,0,0,1,0,0,0,0,0,0,0,0,0,0,2018,1,3.2578201545181145
015b,the015b,1,2006,2018.0,3,0,2,2,2,0,0,4,1,3,1,11,0,0,0,0,0,0,28,2020,48,13.457527765263308
100%,top_media,1,2012,2018.0,10,4,4,4,7,3,1,0,6,0,2,2,0,0,0,0,5,0,0,2019,15,6.649222532190919
24k,choeun_entertainment,1,2012,2019.0,8,0,5,0,5,16,1,1,5,0,2,0,0,0,0,0,0,0,0,2018,8,7.777275023660337
2z,gogo2020,1,2020,2023.0,5,0,5,5,6,1,0,1,0,2,0,3,0,0,0,0,0,0,0,2021,6,3.611542498935165
4men,major9,1,1998,2012.0,1,0,3,0,4,11,0,6,5,3,0,6,0,0,0,0,0,0,20,2021,40,15.321407335668482
5tion,iv_entertainment,1,2001,2013.0,5,0,5,1,5,16,0,3,1,0,2,15,0,1,0,0,5,0,1,2020,28,12.965330902056323
a.c.e,beat_interactive,1,2017,2021.0,10,1,5,5,5,0,0,0,3,1,2,1,2,0,0,0,0,3,2,2021,14,5.201906167641312
A.clan,colabs,1,2012,2018.0,5,0,4,1,5,10,0,0,2,0,2,8,0,0,0,0,0,0,0,2016,12,6.906340887127641
AB6IX,brand_new_music,1,2019,2022.0,6,0,4,4,5,1,1,1,0,5,0,0,0,0,0,0,0,0,2,2021,8,3.8015967505607904
AboutU,colabs,1,2018,2022.0,5,0,3,3,4,1,0,0,0,1,0,11,0,0,0,0,0,0,0,2021,12,4.885332153732222
AlphaBAT,apb_entertainment,1,2013,2018.0,10,1,5,3,9,8,0,0,2,0,3,4,1,0,0,0,0,0,0,2020,10,6.489945714494468
Apeace,golden_goose_entertainment,1,2010,2017.0,4,2,12,0,21,27,3,0,2,0,0,0,0,3,1,0,10,0,0,2019,16,7.694787860154648
apl,dam_entertainment,1,2016,2019.0,3,0,5,5,5,0,0,2,0,0,0,0,0,0,0,0,1,0,0,2017,3,3.5017124974845473
argon,msh_entertainment,1,2019,2020.0,6,0,6,6,6,0,0,0,1,0,1,0,0,0,0,0,0,0,0,2019,2,2.3697760169106203
ashgray,bigfoot_records,1,2009,2016.0,3,0,2,2,4,2,0,1,2,0,0,13,0,0,0,0,0,0,6,2018,22,8.016136331586864
Astro,fantagio_music,1,2016,2023.0,11,0,6,6,6,0,1,3,7,1,0,3,1,0,1,0,0,0,1,2021,17,7.8894356127333225
ateenz,kq_entertainment,1,2018,2021.0,7,1,8,8,8,0,0,1,6,1,0,0,0,2,1,0,0,0,2,2021,13,4.320921203479756
ATO6,yg_kplus,1,2021,2021.0,0,0,6,6,6,0,0,0,0,0,0,1,0,0,0,0,0,0,0,2021,1,1.2818924733142438
aweek,illusion_entertainment,1,2018,2020.0,7,2,7,7,8,1,0,0,1,0,1,1,0,0,0,0,0,0,0,2020,3,2.845450999720015
B.I.G,gh_entertainment,1,2014,2018.0,3,0,4,3,5,3,1,0,1,0,7,2,0,0,0,0,0,0,1,2019,11,5.414641576249252
B1A4,wm_entertainment,1,2011,2020.0,6,2,5,5,5,0,0,4,7,0,0,4,0,5,0,0,10,1,8,2020,39,10.288206254128397
Bae173,pocketdol_studio,1,2020,2021.0,2,0,9,9,9,0,0,0,2,0,0,1,0,0,0,0,0,0,0,2021,3,1.7784210966551086
Bandage,play_m_entertainment,1,2020,2022.0,4,0,4,4,4,0,0,1,0,0,0,1,0,0,0,0,0,0,0,2020,2,2.7492972480847158
BDC,brand_new_music,1,2019,2020.0,6,0,3,3,3,0,0,0,0,2,0,0,1,0,0,0,0,0,0,2021,3,2.469355765286622
bga,wong_fu_productions,1,2016,2017.0,1,0,5,5,5,0,0,0,0,0,0,1,0,0,0,0,0,0,0,2017,1,1.7934837082092514
bigbang,yg_entertainment,1,2006,2018.0,5,0,4,4,5,1,0,3,5,11,7,1,4,4,3,11,5,0,0,2018,54,12.788854809908187
bigflo,colabs,1,2014,2019.0,6,0,3,5,0,9,1,0,5,0,0,1,0,0,1,0,1,0,0,2018,8,5.633988806574806
BLITZERS,wuzo_entertainment,1,2020,2021.0,5,0,7,7,7,0,0,0,0,1,0,0,0,0,0,0,0,0,2,2021,3,1.9758783129243653
block b,seven_seasons,1,2011,2017.0,5,4,7,7,7,0,2,1,6,0,2,2,0,1,1,0,6,0,4,2018,23,6.937798842096157
block chain,af_entertainment,1,2018,2019.0,2,0,5,5,5,0,0,0,0,0,0,3,0,0,0,0,0,0,0,2020,3,2.243527004925923
BTOB,cube_entertainment,1,2012,2022.0,11,2,6,6,7,1,2,2,11,2,0,6,4,1,0,0,7,0,6,2018,39,11.251572251757437
BTS,bighit_music,1,2013,2024.0,13,0,7,7,7,0,0,4,7,3,1,4,1,4,0,3,10,5,2,2020,45,11.973410646109087
build up,inakist_entertainment,1,2019,2020.0,4,1,6,2,3,1,0,0,0,0,0,2,0,0,0,0,0,0,0,2020,2,2.2387049700347745
Buzz(2),in_next_trend,1,2014,2020.0,2,0,5,5,5,0,0,3,0,1,0,9,0,0,0,0,0,0,1,2021,14,6.504644942824058
BXK,new_planet_entertainment,1,2020,2021.0,6,0,6,6,6,0,0,0,0,0,0,1,0,0,0,0,0,0,0,2020,1,1.999713371715302
Bz boys,chrome_entertainment,1,2019,2021.0,7,0,5,5,5,0,0,0,0,0,1,1,0,0,0,0,0,0,0,2019,2,2.5582422067687958
ciipher,rain_company,1,2021,2022.0,6,0,7,7,7,0,0,0,1,0,0,0,0,0,0,0,0,0,0,2021,1,1.858265095315403
CIX,c9_entertainment,1,2019,2021.0,7,0,5,5,5,0,0,0,0,4,0,1,0,0,0,1,2,1,0,2021,9,3.2968402441111806
Classmate,hf_music_company,1,2017,2020.0,4,0,3,3,3,0,0,0,0,3,0,8,0,0,0,0,0,0,0,2021,11,4.193951847266078
CN19,colabs,1,2020,2021.0,1,0,3,3,3,0,0,0,0,0,0,1,0,0,0,0,0,0,0,2020,1,1.7267139678794479
CNBLUE,fnc_entertainment,1,2009,2017.0,9,0,3,5,5,2,0,2,8,2,0,2,2,8,2,0,15,0,0,2021,41,9.205828516855135
CRAVITY,starship_entertainment,1,2020,2022.0,9,0,9,9,9,0,0,0,3,0,0,0,0,0,0,0,0,0,0,2021,3,2.5551610838002574
CROSS GENE,amuse_korea,1,2012,2018.0,5,0,4,3,6,4,0,0,5,0,0,6,0,1,1,1,3,7,0,2019,24,7.258226058205281
D-CRUNCH,ai_grand_korea,1,2018,2021.0,7,0,8,8,8,0,1,0,4,0,1,2,0,0,0,0,1,0,0,2021,8,3.7084917433091817
D.COY,rolling_culture_one,1,2019,2021.0,8,0,5,5,5,0,0,0,0,0,1,1,0,0,0,0,0,0,1,2020,3,2.8180435958092005
D1CE,d1ce_entertainment,1,2019,2021.0,7,1,5,5,5,0,0,0,2,0,0,2,0,0,0,0,0,0,2,2021,6,3.285110500457904
DAY6,colabs,1,2015,2024.0,8,1,5,5,6,1,1,3,7,0,0,11,0,1,0,0,2,1,1,2021,26,9.62590173399117
dgna,colabs,1,2010,2015.0,3,0,4,4,5,1,0,0,2,0,3,2,0,0,2,0,8,0,0,2017,17,5.754064215626627
dkb,brave_entertainment,1,2019,2022.0,7,0,9,9,9,0,0,1,3,0,0,0,0,0,1,0,2,0,0,2021,7,3.6363964835446723
dmtn(2),8pexcompany,1,2020,2020.0,1,0,6,6,6,0,0,0,0,0,0,1,0,0,0,0,0,0,0,2020,1,1.453399934672916
DONGKIZ,dongyo_entertainment,1,2019,2022.0,5,0,5,5,5,0,1,0,1,0,4,3,0,0,0,0,0,0,0,2021,8,3.9372733309284342
DRIPPIN,woollim_entertainment,1,2020,2021.0,6,0,7,7,7,0,0,0,2,0,0,0,0,0,0,0,0,0,0,2021,2,2.165046123155733
DUSTIN,lpa_entertainment,1,2019,2020.0,4,1,7,7,9,2,1,0,0,0,0,1,0,0,0,0,0,0,0,2020,1,2.0776023342768895
E'LAST,e_entertainment,1,2020,2021.0,7,0,8,8,8,0,1,0,2,0,0,0,0,0,0,0,0,0,0,2020,2,2.183204132828692
ENHYPEN,belift_lab,1,2020,2022.0,8,0,7,7,7,0,0,0,2,0,0,0,0,0,0,0,1,0,0,2021,3,2.534110199604612
EPEX,c9_entertainment,1,2021,2022.0,8,0,8,8,8,0,0,0,0,1,0,0,0,0,0,0,0,0,0,2021,1,1.8492395202002143
Epik High,ours_co.,1,2003,2015.0,5,0,3,3,3,0,0,10,1,4,0,2,0,2,0,0,0,1,6,2018,26,12.733703527397807
EXO,sm_entertainment,1,2012,2022.0,9,5,9,9,12,3,4,6,2,9,0,4,1,1,0,0,3,1,1,2020,29,10.813753081074552
EXP EDITION,immabb_entertainment,1,2016,2018.0,5,0,4,4,4,0,0,0,1,0,0,1,0,0,0,0,0,0,0,2018,2,2.566175389468782
F.able,haeirum_entertainment,1,2020,2022.0,5,0,3,2,5,3,0,0,0,0,0,1,0,0,0,0,0,0,0,2020,1,2.6516760792591185
F.CUZ,on_the_bill_company,1,2010,2017.0,4,2,5,3,4,3,0,0,4,0,0,8,1,0,2,0,10,0,5,2020,30,8.298938971047136
FANXY CHILD,koz_entertainment,1,2019,2020.0,0,0,6,6,6,0,0,0,0,0,0,1,0,0,0,0,0,0,2,2019,3,1.7074594244785288
Forestella,colabs,1,2018,2023.0,2,0,4,4,4,0,0,2,0,0,0,5,0,0,0,0,0,0,11,2020,18,6.027627349252057
FTISLAND,fnc_entertainment,1,2007,2020.0,7,2,3,3,5,3,0,7,6,4,0,5,0,10,1,0,21,0,0,2019,54,13.77003461029824
GHOST9,maroo_entertainment,1,2020,2021.0,5,0,9,9,9,0,0,0,4,0,0,0,0,0,0,0,0,0,0,2021,4,2.362646588056478
god(2),jyp_entertainment,1,2014,2017.0,4,0,5,5,5,0,0,1,0,2,1,3,0,0,0,0,0,0,1,2020,8,4.159566732237224
Golden Child,woollim_entertainment,1,2017,2021.0,9,0,10,10,11,1,0,1,5,0,2,0,1,0,0,0,0,0,3,2021,12,5.282388450439214
GOT7,jyp_entertainment,1,2014,2024.0,12,0,7,7,7,0,2,3,11,0,0,4,0,1,4,0,5,4,0,2021,33,10.63543726317205
GreatGuys,dna_entertainment,1,2017,2019.0,5,2,9,9,9,0,0,0,2,1,0,4,0,0,0,0,0,0,0,2021,7,3.0989386982375606
HALO,histar_entertainment,1,2014,2018.0,6,3,6,6,6,0,0,0,3,0,3,2,0,1,0,0,4,0,1,2018,14,4.824607714171492
HIDDEN FOLDER,colabs,1,2020,2021.0,2,0,4,4,4,0,0,0,0,0,0,1,0,0,0,0,0,0,0,2020,1,1.744871977552421
Highlight�,around_us_entertainment,1,2016,2019.0,6,0,4,4,6,2,0,0,3,1,0,2,0,0,0,0,0,0,0,2021,6,3.830509886119131
ikon,yg_entertainment,1,2015,2021.0,7,0,6,6,7,1,0,2,3,1,1,4,0,4,3,8,1,2,0,2021,29,7.476652388641611
im,mbk_entertainment,1,2017,2018.0,1,1,3,3,4,1,0,0,0,0,0,1,0,0,0,0,0,0,0,2017,1,2.0760854103119897
IMFACT,star_empire_entertainment,1,2016,2021.0,6,0,5,5,5,0,0,0,1,0,3,6,0,0,1,0,0,0,5,2020,16,5.538491089832746
IN2IT,mmo_entertainment,1,2017,2020.0,6,4,6,6,8,2,0,0,1,0,4,0,0,0,0,0,1,1,2,2020,9,4.309444700380482
infinte,woollim_entertainment,1,2010,2019.0,6,2,6,6,7,1,2,3,6,3,2,7,1,3,0,0,6,1,3,2019,35,10.111769756190483
IZ,music_k_entertainment,1,2017,2020.0,7,0,4,4,4,0,0,0,2,0,4,2,0,0,0,0,0,0,0,2021,8,4.383294106667108
Jacoby Planet,c9_entertainment,1,2015,2017.0,1,0,4,4,5,1,0,0,1,0,0,3,0,0,0,0,0,0,1,2018,5,2.969815393207554
JJCC,jackie_chan_group_korea,1,2014,2017.0,8,0,5,5,7,2,0,0,2,0,0,4,0,0,0,0,2,0,0,2016,8,4.496141455989857
JUO,soundbox_music,1,2020,2021.0,2,0,4,4,4,0,0,0,0,0,0,2,0,0,0,0,0,0,1,2020,3,2.128045757788641
JYJ,c-jes_entertainment,1,2010,2014.0,4,0,2,2,3,1,0,2,0,1,0,2,0,1,1,0,1,0,0,2015,8,4.989032085359483
KINGDOM�2020,gf_entertainment,1,2021,2022.0,5,0,7,7,7,0,0,0,1,0,0,0,0,0,0,0,0,0,0,2021,1,1.7490024079069286
KNK,220_entertainment,1,2016,2022.0,9,0,5,5,6,1,0,3,0,0,4,2,0,0,0,0,1,0,0,2020,10,6.7547625792784345
KOKOON,yoonseo_group,1,2018,2019.0,4,0,5,5,5,0,0,0,0,0,0,3,0,0,0,0,0,0,0,2020,3,2.4620523797428717
LA POEM,moss_music,1,2020,2021.0,7,0,4,4,4,0,0,0,1,0,0,0,0,0,0,0,0,0,1,2021,2,2.4536252915125516
Like A Movie,top_cloud_entertainment,1,2018,2019.0,3,0,5,5,6,1,0,0,0,0,0,2,0,0,0,0,0,0,0,2019,2,2.282791734311999
Limit,independent,1,2021,2021.0,2,0,8,8,8,0,0,0,0,0,0,1,0,0,0,0,0,0,0,2021,1,1.318208492660176
LIMITLESS�,ono_entertainment,1,2019,2020.0,4,0,5,5,6,1,0,0,1,0,0,1,0,0,0,0,0,0,0,2019,2,2.3417108230561183
LST,hyunda_company,1,2018,2020.0,2,0,5,3,6,5,0,0,0,0,0,3,0,0,0,0,0,0,0,2020,3,3.0567126078355216
LU:KUS,jwk_entertainment,1,2014,2018.0,5,0,4,3,5,3,0,0,1,0,0,5,0,0,0,0,3,0,1,2019,10,4.711271420059916
LUCENTE,noga_entertainment,1,2018,2019.0,5,3,6,5,6,2,0,0,1,0,0,0,0,0,0,0,0,0,0,2018,1,2.3521156486568913
M.O.N.T,fm_entertainment,1,2019,2022.0,7,0,3,3,3,0,0,0,3,0,0,5,0,0,0,0,0,0,0,2020,8,4.108683942368103
MAP6,all-s_company,1,2015,2017.0,5,4,5,5,5,0,0,0,0,0,3,1,0,2,0,0,4,0,0,2019,10,3.4721606510844936
MBLAQ,j.tune_camp,1,2009,2014.0,2,3,3,3,5,2,0,1,6,0,2,2,0,1,0,0,4,0,0,2015,16,6.370422368453475
MCND,top_media,1,2020,2022.0,5,0,5,5,5,0,0,0,3,0,0,2,0,0,0,0,0,0,0,2021,5,2.9477992023170003
MIRAE�,dsp_media,1,2021,2022.0,7,0,7,7,7,0,0,0,1,0,0,0,0,0,0,0,0,0,0,2021,1,1.9675277827238915
MONSTA X,starship_entertainment,1,2015,2024.0,7,0,6,6,7,1,0,3,9,0,0,3,0,4,0,0,9,6,7,2021,41,10.297437664496087
MustB,mustm_entertainment,1,2019,2021.0,7,0,5,5,7,2,0,0,1,0,0,1,0,0,0,0,0,0,1,2020,3,2.9826747074953914
MVP,ph_entertainment,1,2017,2018.0,5,0,7,7,7,0,0,0,1,0,0,1,0,0,0,0,0,0,0,2020,2,2.2306165823120665
MY.st,mystar_entertainment,1,2018,2020.0,7,1,5,5,5,0,0,0,1,0,1,0,0,0,1,0,0,0,0,2021,3,2.7829268576367383
MYNAME,h2media,1,2011,2014.0,9,0,5,5,5,0,0,0,2,0,4,1,0,6,0,0,5,0,0,2018,18,4.472671451661711
N.CUS,kyuri_entertainment,1,2019,2021.0,8,1,9,9,12,3,1,0,1,0,0,1,0,0,0,0,0,0,0,2021,2,2.739617102911822
N.Flying,fnc_entertainment,1,2013,2020.0,12,0,5,3,4,3,0,0,7,0,1,2,1,1,0,0,6,1,5,2021,24,7.712065888751212
N.O.M,jz_factory_entertainment,1,2013,2016.0,5,0,3,2,5,3,0,0,0,0,0,4,0,0,0,0,0,0,0,2021,4,3.7852947327234716
N.tic,yechan_media,1,2018,2020.0,4,0,4,4,5,1,0,0,0,0,3,0,0,0,0,0,0,0,0,2019,3,2.9056390301252577
NCT,sm_entertainment,1,2016,2019.0,11,0,23,14,14,9,4,2,0,0,0,1,0,0,0,0,0,0,0,2020,3,4.28176025972283
NELL,space_bohemian,1,2001,2015.0,7,0,4,4,4,0,0,10,2,2,1,10,0,0,0,0,0,1,6,2021,32,15.481490862791034
Newkidd,j-flo_entertainment,1,2019,2021.0,7,1,7,7,7,0,2,0,0,0,2,0,0,0,0,0,0,0,1,2020,3,2.589853170284684
NewTownBoyz,first_step_company,1,2016,2020.0,4,0,3,2,4,5,0,1,0,0,0,3,0,0,0,0,0,0,2,2018,6,4.668914185003118
NOIR,luk_factory,1,2018,2020.0,7,0,9,9,9,0,0,0,4,0,0,1,0,0,0,0,0,0,0,2020,5,2.9382965893781545
NTB,high_choice_entertainment,1,2016,2018.0,7,1,6,6,6,0,0,0,1,0,0,0,0,0,0,0,2,0,0,2018,3,2.6709337334742855
NTX,victory_company,1,2021,2022.0,3,0,10,10,10,0,0,0,1,0,0,4,0,0,0,0,0,0,0,2021,5,2.187703314300677
NU'EST,pledis_entertainment,1,2012,2019.0,10,0,5,5,5,0,2,2,8,0,1,1,1,2,0,0,2,3,3,2021,23,7.89415834877029
OFF THE CUFF,purple_entertainment,1,2021,2022.0,2,0,5,5,5,0,0,0,0,0,0,1,0,0,0,0,0,0,0,2020,1,1.5915225258667078
ON AIR,jg_entertainment,1,2020,2021.0,0,0,3,3,3,0,0,0,0,0,0,1,0,0,0,0,0,0,0,2020,1,1.6174512804709735
ONEUS,rbw,1,2019,2023.0,8,0,6,6,6,0,0,1,5,0,1,1,0,0,0,0,3,0,2,2021,13,5.337674889767399
ONEWE,rbw,1,2016,2020.0,6,0,5,5,5,0,0,1,2,1,1,6,0,0,0,0,0,1,1,2020,13,5.483029022685386
ONF,wm_entertainment,1,2017,2022.0,11,0,6,6,7,1,2,1,5,0,0,0,0,0,0,0,2,0,6,2021,14,5.8756539508073615
OnlyOneOf,8d_entertainment,1,2019,2022.0,7,0,7,7,7,0,0,0,3,0,2,2,0,0,0,0,0,0,0,2021,7,3.6381933875317145
P1Harmony,fnc_entertainment,1,2020,2022.0,9,0,6,6,6,0,0,0,2,0,0,1,0,0,0,0,0,0,0,2021,3,2.816573941720975
PARADISE,hlcompany,1,2017,2019.0,6,1,5,5,6,1,0,0,1,0,0,2,0,0,0,0,0,0,0,2020,3,2.9173608243777664
PENTAGON,cube_entertainment,1,2016,2024.0,13,2,9,9,10,1,0,1,11,0,3,0,0,1,4,0,2,5,4,2021,31,9.136586851452876
PLATINUM78,in_media_a&d,1,2019,2022.0,3,0,5,0,7,12,0,1,0,0,0,0,0,0,0,0,0,0,0,2019,1,4.330185025269657
PLT,planetarium_records,1,2018,2020.0,5,0,6,6,6,0,0,0,0,2,0,3,0,0,0,0,0,0,0,2018,5,2.696390352802794
RE:KIDS DREAM,retune_music,1,2020,2021.0,4,0,4,4,4,0,0,0,0,0,0,2,0,0,0,0,0,0,0,2021,2,2.196032430973659
Rion Five,narda_entertainment,1,2014,2017.0,7,0,5,5,6,1,0,0,0,0,0,3,1,0,0,0,0,0,2,2016,6,3.653072763246854
ROMEO�,hunus_entertainment,1,2015,2017.0,5,3,7,7,7,0,0,0,4,0,1,0,0,0,0,0,0,0,1,2019,6,3.302535210869749
SECHSKIES(2),yg_entertainment,1,2016,2019.0,3,0,4,4,6,2,0,1,1,2,0,1,0,0,0,1,0,0,2,2020,8,4.126620219813788
SEVENTEEN,pledis_entertainment,1,2015,2023.0,11,0,13,13,13,0,5,3,8,4,0,1,0,0,2,0,3,2,5,2021,28,8.772331998984356
SF9,fnc_entertainment,1,2016,2022.0,14,0,9,9,9,0,0,1,8,1,1,0,1,3,0,0,11,0,2,2020,28,7.404798069637565
SG Wannabe,stone_music_entertainment,1,2004,2016.0,2,0,3,2,4,2,0,7,2,4,0,4,0,1,0,0,3,0,18,2018,39,13.28385521674302
SHINee,sm_entertainment,1,2008,2019.0,10,0,4,4,5,1,0,7,5,4,0,0,0,5,1,0,15,0,0,2018,37,12.08456381075709
SHINHWA,sm_entertainment,1,1998,2013.0,6,0,6,6,6,0,0,13,0,9,0,5,1,1,0,0,1,0,0,2018,30,15.634962858284624
SIGMA,pluswin,1,2020,2021.0,4,0,3,3,3,0,0,0,0,0,0,1,0,0,0,0,0,0,0,2021,1,2.054502030104871
SIGNAL�,elmusix,1,2018,2019.0,4,0,4,4,4,0,0,0,0,0,0,2,0,0,0,0,0,0,0,2021,2,2.320521978874069
SNUPER,widmay_entertainment,1,2015,2020.0,10,1,6,6,6,0,0,0,5,1,1,1,1,0,0,0,7,0,2,2020,18,5.880062954522984
Stray Kids,jyp_entertainment,1,2018,2024.0,11,1,8,8,9,1,1,1,6,1,0,6,0,2,1,0,1,2,4,2020,24,7.069113053481075
Super Five,mbc_favorite_entertainment,1,2020,2021.0,0,0,5,5,5,0,0,0,0,0,0,2,0,0,0,0,0,0,0,2020,2,1.6678770036042465
SUPER JUNIOR,sm_entertainment,1,2005,2020.0,8,1,10,9,12,4,5,10,1,7,0,6,1,1,1,0,12,0,3,2021,42,15.865276793276209
SUPERKIDS,kids_planet,1,2019,2020.0,3,0,8,8,8,0,0,0,0,0,0,1,0,0,0,0,0,0,0,2019,1,1.5519607279690746
SuperM,sm_entertainment,1,2019,2022.0,9,1,7,7,7,0,0,1,1,0,0,2,2,0,0,0,0,0,0,2021,6,3.8627901616290785
SURPRISE U,fantagio_music,1,2017,2018.0,2,0,4,4,5,1,0,0,1,0,0,0,0,0,0,0,0,0,1,2017,2,2.2566832969027075
T1419,mld_entertainment,1,2021,2023.0,9,0,9,9,9,0,0,0,0,0,2,1,0,0,0,0,0,0,1,2021,4,2.734314720334524
TARGET,kj_music_entertainment,1,2014,2017.0,8,1,7,7,7,0,0,0,1,0,3,1,0,0,0,0,2,1,0,2019,8,4.084505159161779
TEEN TOP,top_media,1,2010,2017.0,9,3,5,5,6,1,0,2,9,0,0,0,0,0,0,0,3,5,2,2019,21,8.249068985917077
THE BOYZ,cre.ker_entertainment,1,2017,2022.0,11,0,11,11,12,1,0,1,5,0,2,0,3,1,1,0,0,0,2,2021,15,5.555624813227283
THE MAN BLK,stardium,1,2018,2020.0,4,2,7,7,10,3,0,0,2,0,0,0,0,0,0,0,0,0,3,2020,5,3.0105377628807446
The Rose,j&star_company,1,2017,2020.0,6,3,4,4,4,0,0,0,2,0,1,3,0,0,0,0,0,0,2,2020,8,3.9199938132489507
The T-Bird,od_entertainment,1,2019,2020.0,4,0,5,5,5,0,0,0,0,0,0,1,0,0,0,0,0,0,0,2019,1,1.9345374485840665
TO1,stone_music_entertainment,1,2020,2021.0,8,0,10,10,10,0,0,0,3,0,0,0,0,0,0,0,0,0,0,2021,3,2.354793718656282
TraxX,sm_entertainment,1,2004,2010.0,2,0,2,2,4,3,0,1,3,0,2,2,0,0,0,0,5,0,6,2018,19,7.410811923832355
TRCNG,ts_entertainment,1,2017,2021.0,4,0,8,8,8,10,2,0,1,0,2,1,0,0,0,0,2,1,0,2019,7,4.700069919801649
TREASURE,yg_entertainment,1,2020,2022.0,8,0,12,12,12,0,0,1,0,0,3,0,0,1,0,0,0,2,0,2021,7,3.258441250814741
Trigger�,dy_entertainment,1,2019,2020.0,4,0,4,4,4,0,0,0,0,0,2,0,0,0,0,0,0,0,0,2020,2,2.384840439633848
TRITOPS,vl_entertainment,1,2007,2017.0,6,0,4,3,3,2,0,1,1,0,2,11,0,0,0,0,2,21,2,2017,40,11.028466898068316
TST,kj_music_entertainment,1,2017,2020.0,7,2,4,4,7,3,0,0,2,0,4,0,0,0,0,0,0,0,0,2020,6,4.405935311204274
Turbo(2),the_turbo_company,1,2015,2017.0,0,0,3,3,3,0,0,1,1,0,0,0,0,0,0,0,0,0,0,2017,2,2.726476221223166
TVXQ!,sm_entertainment,1,2003,2022.0,6,0,2,2,5,3,0,8,0,3,3,1,0,10,0,8,50,0,8,2020,91,19.79236073237304
TXT,bighit_music,1,2019,2024.0,13,0,5,5,5,0,0,2,3,0,0,1,0,1,0,0,2,1,1,2021,11,5.670203257331934
U-KISS,nh_media,1,2008,2022.0,4,0,3,1,5,9,2,3,11,11,0,10,0,8,1,0,16,4,3,2020,67,14.966312327457572
UNIQ,yue_hua_entertainment,1,2014,2018.0,6,1,5,5,5,0,0,0,1,0,0,2,0,0,1,0,0,7,3,2016,14,4.597383743597746
UNVS,chitwn_music,1,2016,2020.0,7,2,5,3,5,6,0,0,0,0,1,3,0,0,0,0,0,3,0,2020,7,4.637685514215306
UP10TION,top_media,1,2015,2020.0,8,3,10,10,10,0,0,1,9,2,0,0,0,0,0,0,3,0,1,2020,16,5.737469777378095
V.O.S,j-soul_company,1,2004,2013.0,1,0,3,3,3,1,0,3,3,2,0,12,1,0,0,0,0,0,9,2020,30,10.25712876483476
VANNER,vt_entertainment,1,2019,2021.0,7,0,5,5,5,0,0,1,0,0,2,0,0,0,0,0,0,0,0,2020,3,3.407423719839116
VAV,a_team,1,2015,2020.0,7,1,7,4,7,6,0,0,6,0,0,5,4,0,0,0,0,0,0,2021,15,6.3048306189164975
VERIVERY,jellyfish_entertainment,1,2019,2022.0,5,1,7,7,7,0,0,0,5,0,2,0,1,0,0,0,0,0,3,2021,11,4.045625169814144
VICTON,play_m_entertainment,1,2016,2020.0,7,0,7,7,7,0,0,1,6,0,2,0,0,0,0,0,0,0,1,2021,10,5.029704911191374
VIXX,jellyfish_entertainment,1,2012,2020.0,6,2,5,5,6,1,1,3,4,1,6,3,1,2,1,0,4,2,1,2019,28,9.480443218571693
VOISPER,evermore_music,1,2016,2021.0,5,0,4,4,4,0,0,1,1,0,0,9,0,0,0,0,0,0,2,2020,13,5.514233317282432
VROMANCE,rbw,1,2016,2021.0,6,3,4,4,4,0,0,0,2,0,0,10,0,0,0,0,0,0,6,2020,18,5.916922247997732
W.A.O,kingtop_entertainment,1,2021,2022.0,5,0,7,7,7,0,0,0,0,0,0,1,0,0,0,0,0,0,0,2021,1,1.7371012326211144
W.I.T,team_wit,1,2021,2022.0,4,0,5,5,5,0,0,0,1,0,0,0,0,0,0,0,0,0,0,2021,1,1.8219490759694708
W24,jarmy_entertainment,1,2018,2021.0,4,0,4,4,5,1,0,0,2,0,0,6,0,0,0,0,0,0,0,2020,8,3.9027719216534535
WayV,colabs,1,2019,2021.0,7,0,7,7,7,0,0,0,0,0,0,1,0,1,3,2,0,2,0,2021,9,2.978625329204789
WE IN THE ZONE,choon_entertainment,1,2018,2021.0,7,0,3,2,3,3,0,0,2,0,0,3,0,0,0,0,0,0,0,2020,5,3.9490336669653203
WEi,oui_entertainment,1,2020,2022.0,8,0,6,6,6,0,0,0,2,0,0,0,0,0,0,0,0,0,1,2021,3,2.6252148773401274
WINNER,yg_entertainment,1,2014,2022.0,10,0,4,4,5,1,0,3,3,1,3,2,0,5,4,7,1,2,0,2020,32,8.956634674788276
withus,withhc,1,2020,2021.0,3,0,5,5,5,0,0,0,0,0,0,2,0,0,0,0,0,0,0,2021,2,1.9956650658296695
WOW�,a.conic,1,2021,2021.0,1,0,7,7,7,0,0,0,0,0,0,1,0,0,0,0,0,0,0,2021,1,1.300050482987217
XENEX,company_gi_eok,1,2020,2021.0,4,0,5,5,5,0,0,0,0,0,0,1,0,0,0,0,0,0,0,2020,1,1.8722926746338544
XENO-T,hunus_entertainment,1,2013,2018.0,2,0,5,5,13,8,2,1,4,0,1,0,0,0,0,0,1,0,3,2018,10,5.820059017282247
Xst,midas_entertainment,1,2015,2018.0,2,2,6,5,6,2,0,0,0,1,2,3,0,0,0,0,1,0,0,2019,7,3.5148929654488654
Y&W,inakist_entertainment,1,2020,2021.0,3,0,4,4,4,0,0,0,0,0,0,2,0,0,0,0,0,0,0,2020,2,2.086769743565185
ZE:A,star_empire_entertainment,1,2010,2015.0,6,0,9,9,9,0,3,2,2,0,4,1,0,1,2,0,4,0,1,2015,17,6.49189533492526
