group_name,company,group_type,debute_year,disband_year,social_accounts,inactive_members,current_members,original_members_remainding,initial_members,member_changes,subunits,albums,mini_albums,other_albums,singles,digital_singles,other_singles,foreign_albums,foreign_mini_albums,foreign_other_album,foreign_singles,foreign_digital_singles,others,last_production_year,total_releases,lifespan
10X10,gaon_entertainment,0,2015,2016,2,0,6,6,6,0,0,0,0,0,0,3,0,0,0,0,0,0,0,2016,3,2
1NB ,trivus_entertainment,0,2017,2018,4,0,5,5,5,0,0,0,0,0,0,6,0,0,0,0,0,0,0,2018,6,2
1PS,maroo_entertainment,0,2014,2015,3,0,5,4,4,1,0,0,0,0,0,1,0,0,0,0,0,0,1,2014,2,2
2EYES,sidushq,0,2013,2017,2,0,4,4,5,1,0,0,0,0,0,1,0,0,0,0,0,0,1,2015,2,5
2NE1,yg_entertainment,0,2009,2017,5,0,3,3,4,1,0,2,2,2,0,12,0,2,1,0,2,2,1,2017,26,9
4G,heuk_ggo_entertainment,0,2014,2015,0,0,4,4,4,0,0,0,0,0,0,1,0,0,0,0,0,0,0,2014,1,2
4L,jade_contents_media,0,2014,2015,3,0,4,4,4,0,0,0,0,0,0,1,0,0,0,0,0,0,0,2014,1,2
4minute,cube_entertainment,0,2009,2016,5,0,5,5,5,0,1,1,8,0,0,7,4,1,0,0,7,0,6,2016,34,8
4SOME,sugar_entertainment,0,2015,2016,1,0,4,4,4,0,0,0,0,0,0,1,0,0,0,0,0,0,0,2015,1,2
4TEN,jungle_entertainment,0,2014,2018,5,0,3,2,4,6,0,0,1,0,0,3,0,0,0,0,0,0,0,2016,4,5
4Tomorrow,colabs,0,2009,2009,0,0,4,4,4,0,0,0,0,0,0,1,0,0,0,0,0,0,0,2009,1,1
7Princess,yesplease_entertainment,0,2003,2009,0,0,7,1,7,14,0,2,0,2,1,0,0,0,0,0,0,0,1,2009,6,7
84LY,colabs,0,2012,2013,0,0,6,6,6,0,0,0,1,0,0,0,0,0,0,0,0,0,0,2012,1,2
9MUSES,star_empire_entertainment,0,2010,2019,6,0,4,1,10,13,1,1,5,1,2,4,0,0,0,0,0,0,2,2019,15,10
A Train to Autumn,cube_entertainment,0,2018,2020,3,0,4,4,4,0,0,0,0,0,0,4,0,0,0,0,0,0,2,2019,6,3
A-DEAN,dia9_entertainment,0,2013,2019,4,0,4,2,4,10,0,0,0,0,0,4,0,0,0,0,0,0,0,2018,4,7
A-Fati,coolwave_entertainment,0,2014,2016,2,0,4,4,4,0,0,0,0,0,0,4,0,0,0,0,0,0,2,2015,6,3
A-Plus,owl_entertainment,0,2015,2016,0,0,3,3,3,0,0,0,0,0,0,1,0,0,0,0,0,0,0,2015,1,2
A-seed,yechan_media,0,2017,2018,4,0,4,4,4,0,0,0,0,0,0,3,0,0,0,0,0,0,0,2018,3,2
A.De,2able_company,0,2016,2017,4,0,6,6,7,1,0,0,1,0,1,1,0,0,0,0,0,0,0,2017,3,2
A.H.H.A,yellocean,0,2015,2016,0,0,4,4,4,0,0,0,0,0,0,1,0,0,0,0,0,0,0,2015,1,2
A.I.N,starcommerce_entertainment,0,2014,2014,0,0,7,7,7,0,0,0,0,0,0,1,0,0,0,0,0,0,0,2014,1,1
A.KOR,doo_republic,0,2014,2017,3,0,5,3,3,2,1,0,0,0,0,3,0,0,0,0,0,0,0,2015,3,4
A.sia,starmade_entertainment,0,2006,2007,0,0,4,4,4,0,0,1,0,0,0,0,0,0,0,0,0,0,0,2006,1,2
A.SOME,the_solution,0,2016,2017,1,0,5,5,5,0,0,0,0,0,0,2,0,0,0,0,0,0,0,2016,2,2
ACE,worthy_entertainment,0,2015,2016,2,0,4,3,4,2,0,0,0,0,0,1,0,0,0,0,0,0,0,2015,1,2
After School,pledis_entertainment,0,2009,2020,5,0,1,1,5,10,3,1,0,0,6,2,3,2,0,1,6,0,5,2015,26,12
Aila,plane_entertainment,0,2014,2014,0,0,4,4,4,0,0,0,0,0,0,1,0,0,0,0,0,0,0,2014,1,1
AiRiSU,gaon_entertainment,0,2018,2019,2,0,4,4,4,0,0,0,0,0,0,1,0,0,0,0,0,0,0,2018,1,2
AL,mascom_company,0,2001,2002,0,0,4,4,4,0,0,1,0,0,0,0,0,0,0,0,0,0,0,2001,1,2
Alice White,smaf_entertainment,0,2014,2015,3,0,5,5,5,0,0,0,0,0,0,1,0,0,0,0,0,0,0,2014,1,2
ALiKE,87sound,0,2018,2019,5,0,3,3,3,0,0,0,0,0,0,2,0,0,0,0,0,0,0,2019,2,2
AMOR,juny_network_entertainment,0,2017,2018,2,0,5,5,5,1,0,0,0,0,0,1,0,0,0,0,0,0,0,2017,1,2
ANDS,colabs,0,2014,2016,0,0,3,3,5,2,0,0,0,0,2,1,0,0,0,0,0,0,0,2015,3,3
ANS,ans_entertainment,0,2019,2020,7,0,8,6,6,2,0,0,0,0,0,3,0,0,0,0,0,0,0,2020,3,2
Apple.B,gh_entertainment,0,2017,2018,4,0,5,5,5,0,0,0,0,0,0,1,0,0,0,0,0,0,0,2017,1,2
April Kiss,olleh_music,0,2011,2011,1,0,6,6,6,0,0,0,1,0,0,0,0,0,0,0,0,0,0,2011,1,1
AQUA,krazy_entertainment,0,2018,2019,1,0,6,6,6,0,0,0,0,0,0,1,0,0,0,0,0,0,0,2018,1,2
AREAL,jz_factory_entertainment,0,2020,2021,5,0,4,4,4,0,0,0,0,0,0,1,0,0,0,0,0,0,0,2020,1,2
As One,chorokbaemjuna_e&m,0,2012,2016,3,0,6,6,6,0,0,0,0,0,0,2,0,0,1,0,0,7,0,2016,10,5
ASHA,cm_entertainment,0,2015,2016,4,0,4,4,4,0,0,0,0,0,0,1,0,0,0,0,0,0,0,2015,1,2
Awe5ome Baby,tn_entertainment,0,2015,2016,5,0,5,5,5,0,0,0,0,0,0,1,0,0,0,0,0,0,0,2015,1,2
AWESOME,midum_entertainment,0,2017,2018,3,0,4,4,4,0,0,0,0,0,0,1,0,0,0,0,0,0,0,2017,1,2
AZM,innok_entertainment,0,2018,2019,3,0,4,3,4,3,0,0,0,0,0,2,0,0,0,0,0,0,0,2018,2,2
BaBa,pr_entertainment,0,2015,2020,5,0,7,1,6,20,0,0,0,0,0,4,0,0,0,0,0,0,0,2018,4,6
Baby Boo,hyunda_company,0,2015,2020,2,0,3,1,4,11,0,0,0,0,0,6,0,0,0,0,0,0,0,2019,6,6
Baby V.O.X,dr_music,0,1997,2006,0,0,1,2,6,7,0,7,0,1,0,0,0,0,0,1,0,0,0,2004,9,10
BADKIZ,us_entertainment,0,2014,2020,0,0,4,0,5,22,0,0,0,0,0,8,1,0,0,0,0,0,0,2019,9,7
Bambino,js_entertainment,0,2015,2017,1,0,4,3,4,1,0,0,0,0,0,2,0,0,0,0,0,0,0,2016,2,3
Bay.B,can_entertainment,0,2014,2016,4,0,3,3,3,0,0,1,0,0,0,3,0,0,0,0,0,0,0,2015,4,3
BBURECTOR,bbu_entertainment,0,2018,2018,0,0,3,3,3,0,0,0,0,0,0,1,0,0,0,0,0,0,0,2018,1,1
BeBe Mignon,happyface_entertainment,0,2010,2011,0,0,3,3,3,0,0,0,1,0,0,2,0,0,0,0,0,0,1,2011,4,2
BEBE6,k12_company,0,2017,2020,4,0,3,3,5,4,0,0,1,0,0,3,0,0,0,0,0,0,1,2019,5,4
Bebop,hmi_entertainment,0,2013,2016,3,0,3,3,3,0,0,0,2,0,0,0,0,0,0,0,0,0,2,2014,4,4
BESTie,ynb_entertainment,0,2013,2018,4,0,2,2,4,2,0,0,2,0,0,5,0,0,0,0,0,0,0,2015,7,6
Black Bunny,laentertainment,0,2019,2020,4,0,4,4,4,0,0,0,0,0,0,1,0,0,0,0,0,0,0,2019,1,2
Black Swan(2016),gm_entertainment,0,2016,2016,1,0,4,4,4,0,0,0,0,0,0,2,0,0,0,0,0,0,1,2016,3,1
Blady,colabs,0,2011,2017,3,0,5,0,5,13,1,0,1,0,0,4,0,0,0,0,0,0,0,2015,5,7
Blah Blah,fab_entertainment,0,2017,2019,4,0,2,2,5,3,0,0,0,0,0,1,0,0,0,0,0,0,0,2017,1,3
Blastar,vh_entertainment,0,2020,2020,1,0,5,5,5,0,0,0,0,0,0,1,0,0,0,0,0,0,0,2020,1,1
Bling,ps_creative,0,2015,2018,3,0,4,3,5,3,0,0,0,0,0,1,0,0,0,0,0,0,0,2016,1,4
Bloomy,ds_entertainment,0,2016,2017,6,0,4,4,4,0,0,0,1,0,0,0,0,0,0,0,0,0,0,2016,1,2
Bob Girls,chrome_entertainment,0,2014,2015,4,0,4,4,4,0,0,0,0,0,0,1,0,0,0,0,0,0,1,2014,2,2
BONUSbaby,maroo_entertainment,0,2017,2020,6,0,5,5,6,1,0,0,0,0,0,2,0,0,0,0,0,0,0,2017,2,4
BP POP,bp_story_entertainment,0,2013,2015,3,0,5,5,5,0,0,0,0,0,0,2,0,0,0,0,0,0,0,2013,2,3
Brand New Day,wannabe_management,0,2009,2009,0,0,3,3,3,0,0,0,1,0,0,2,0,0,0,0,0,0,1,2009,4,1
BULLDOK,innok_entertainment,0,2016,2018,0,0,2,2,5,3,0,0,0,0,0,1,0,0,0,0,0,0,0,2016,1,3
C.I.V.A,lee&tak_entertainment,0,2016,2016,0,0,3,3,3,0,0,0,0,0,0,1,0,0,0,0,0,0,0,2016,1,1
CAMILA,c.c_entertainment,0,2018,2019,2,0,3,3,3,0,0,0,0,0,0,2,0,0,0,0,0,0,0,2019,2,2
Carcaro Girl,reverse_social,0,2011,2011,1,0,6,6,6,0,0,0,0,0,0,1,0,0,0,0,0,0,0,2011,1,1
CHERRY ON TOP,united_creative,0,2018,2019,5,0,4,4,4,0,0,0,0,0,0,2,0,0,0,0,0,0,0,2018,2,2
CHI CHI,trophy_entertainment,0,2011,2013,0,0,5,5,7,3,0,0,0,0,0,3,0,0,0,0,1,0,0,2012,4,3
Chloris,fab_entertainment,0,2017,2020,7,0,4,2,4,4,0,0,0,0,0,1,0,0,0,0,0,0,0,2017,1,4
ChoColat,paramount_music,0,2011,2014,1,0,6,6,6,0,0,0,1,0,2,0,0,0,0,0,0,0,0,2013,3,4
CLEO,emi_(korea),0,1999,2005,0,0,3,1,3,4,0,5,0,0,0,1,0,0,0,0,0,0,0,2005,6,7
Cooki,dream_scape_entertainment,0,1998,2001,0,0,4,4,4,0,0,2,0,0,0,0,0,0,0,0,0,0,0,2000,2,4
Crayon Pop,chrome_entertainment,0,2012,2016,8,0,4,4,5,1,1,1,3,0,3,2,0,1,1,1,2,0,6,2016,20,5
CST,dreamcense,0,2018,2018,2,0,4,4,4,0,0,0,0,0,0,1,0,0,0,0,0,0,0,2018,1,1
Cupid,narda_entertainment,0,2015,2019,0,0,2,1,4,8,0,0,0,0,0,1,1,0,0,0,0,0,2,2018,4,5
CutieL,colabs,0,2010,2018,2,0,5,0,7,25,0,1,1,0,0,5,0,0,0,0,0,0,0,2016,7,9
D.el,colabs,0,2016,2017,0,0,5,5,5,0,0,0,0,0,0,2,0,0,0,0,0,0,0,2017,2,2
D.Holic,star_road_entertainment,0,2014,2017,5,0,6,2,5,7,0,0,1,0,1,2,0,0,0,0,0,0,0,2016,4,4
Dalshabet,happyface_entertainment,0,2011,2019,4,0,6,5,6,2,0,1,10,0,0,0,0,0,0,0,1,0,1,2016,13,9
DayDream(2016),colabs,0,2016,2016,0,0,3,3,3,0,0,0,0,0,0,1,0,0,0,0,0,0,0,2016,1,1
Daydream(2019),great_company,0,2019,2020,3,0,6,4,4,2,0,0,0,0,0,1,0,0,0,0,0,0,0,2020,1,2
Delight(2013),bros_media_entertainment,0,2013,2015,3,0,5,3,4,4,0,0,2,0,0,1,0,0,0,0,0,0,0,2014,3,3
DICE,bros_entertainment,0,2016,2017,0,0,4,4,4,0,0,0,0,0,0,1,0,0,0,0,0,0,0,2016,1,2
Diva,colabs,0,1997,2005,0,0,3,3,4,1,0,8,0,0,0,0,0,1,0,0,0,0,2,2005,11,9
Dorothy,leek.mill,0,2016,2017,3,0,6,5,5,1,0,0,0,0,0,1,0,0,0,0,0,0,0,2016,1,2
Elado,ao_entertainment,0,2017,2017,0,0,3,3,3,0,0,0,0,0,0,1,0,0,0,0,0,0,0,2017,1,1
Enue,samsung_music,0,1997,1999,0,0,3,3,3,0,0,1,0,0,0,0,0,0,0,0,0,0,0,1997,1,3
EvoL,stardom_entertainment,0,2012,2015,2,0,5,5,5,0,0,0,2,0,0,0,0,0,0,0,0,0,0,2013,2,4
f(x),sm_entertainment,0,2009,2019,5,0,5,5,5,0,0,4,2,0,1,3,1,0,0,0,2,1,7,2016,21,11
F-ve Dolls,colabs,0,2011,2015,1,0,6,3,5,5,0,0,2,1,0,2,0,0,0,0,0,0,1,2013,6,5
Fantastie,in_entertainment,0,2016,2017,1,0,4,4,4,0,0,0,0,0,0,1,0,0,0,0,0,0,0,2016,1,2
FIESTAR,fave_entertainment,0,2012,2018,0,0,5,5,6,1,0,0,2,0,3,4,1,0,0,0,0,0,4,2018,14,7
FIONA,supreme_entertainment,0,2015,2016,0,0,4,4,4,0,0,0,0,0,0,1,0,0,0,0,0,0,0,2015,1,2
FLASHE,play_music_entertainment,0,2012,2020,6,0,4,1,5,13,0,0,1,0,0,7,4,0,0,0,0,0,0,2018,12,9
Flying Girls,doll_communications,0,2009,2009,0,0,3,3,3,0,0,0,1,0,0,0,0,0,0,0,0,0,0,2009,1,1
G-(i)Kon,d-day_entertainment,0,2019,2020,1,0,4,4,4,0,0,0,0,0,0,1,0,0,0,0,0,0,0,2019,1,2
Gangkiz,core_contents_media,0,2012,2014,2,0,7,7,7,0,0,0,1,0,0,0,0,0,0,0,0,0,0,2012,1,3
GBB,probeat_company,0,2018,2020,3,0,5,5,5,0,0,0,1,0,0,0,0,0,0,0,0,0,0,2018,1,3
GeeGu,gf_entertainment,0,2017,2021,5,0,6,6,9,3,0,0,2,0,0,0,0,0,0,0,0,0,1,2019,3,5
GI,simtong_entertainment,0,2013,2016,3,0,5,2,5,6,0,0,1,0,0,4,0,0,0,0,0,0,0,2015,5,4
Girl's Day,dreamt_entertainment,0,2010,2017,8,0,4,2,5,5,0,2,6,1,9,0,1,0,0,0,1,0,0,2017,20,8
Girl2School,dni_works,0,2010,2015,3,0,3,0,10,20,0,0,0,0,0,3,0,0,0,0,0,0,1,2014,4,6
GIRLS GIRLS,h_brothers_entertainment,0,2015,2019,4,0,2,2,5,3,0,0,0,0,2,0,0,0,0,0,0,0,0,2016,2,5
GLAM,colabs,0,2012,2015,3,0,4,4,5,1,0,0,0,0,2,2,0,0,0,0,0,0,3,2014,7,4
GOOD DAY,c9_entertainment,0,2017,2019,4,0,10,10,10,0,3,0,1,0,0,0,0,0,0,0,0,0,0,2017,1,3
GP Basic,jacyhan_international,0,2010,2015,0,0,7,7,7,0,0,0,0,0,0,7,0,0,0,0,0,0,0,2014,7,6
GROW.B,midum_entertainment,0,2019,2019,1,0,6,6,6,0,0,0,1,0,0,0,0,0,0,0,0,0,0,2019,1,1
Gugudan,jellyfish_entertainment,0,2016,2020,5,0,8,8,9,1,2,0,3,0,2,0,0,0,0,0,0,0,4,2018,9,5
H.U.B,new_planet_entertainment,0,2017,2019,6,0,5,1,4,7,0,0,0,0,0,5,0,0,0,0,0,0,0,2018,5,3
H2L,regolith_entertainment,0,2015,2017,1,0,3,3,5,2,0,0,0,0,0,3,0,0,0,0,0,0,1,2017,4,3
HADY,kings_entertainment,0,2015,2017,2,0,4,4,4,0,0,0,0,0,0,1,0,0,0,0,0,0,1,2015,2,3
HAM,lee_yeon_entertainment,0,2009,2011,2,0,3,3,4,1,0,0,0,0,0,4,2,0,0,0,0,0,0,2011,6,3
Heart,kcent_entertainment,0,2016,2017,2,0,4,4,4,0,0,0,0,0,0,1,0,0,0,0,0,0,0,2016,1,2
HELLOVENUS,fantagio_music,0,2012,2019,3,0,6,4,6,4,0,0,5,1,1,4,0,0,0,0,0,0,3,2018,14,8
HEXE,serenity_music,0,2015,2016,1,0,5,5,5,0,0,0,1,0,0,2,0,0,0,0,0,0,0,2016,3,2
Hi.D,heroes_factory,0,2016,2016,4,0,4,4,4,0,0,0,0,0,0,1,0,0,0,0,0,0,0,2016,1,1
HINAPIA,osr_entertainment,0,2019,2020,6,0,5,5,5,0,0,0,0,0,0,1,0,0,0,0,0,0,0,2019,1,2
Holy Days,line_&_jeen_entertainment,0,2016,2018,0,0,3,3,3,0,0,0,0,0,0,3,0,0,0,0,0,0,0,2017,3,3
Honey Girls,liz_entertainment,0,2015,2016,0,0,3,3,5,2,0,0,0,0,0,1,0,0,0,0,0,0,0,2015,1,2
HOT TEEN,tiptop_entertainment,0,2019,2019,2,0,3,3,3,0,0,0,0,0,0,1,0,0,0,0,0,0,0,2019,1,1
HOTTIES,solerino,0,2015,2017,5,0,4,4,5,1,0,0,1,0,0,0,0,0,0,0,0,0,0,2015,1,3
i-13,lime_music,0,2005,2007,0,0,13,13,13,0,0,1,0,0,0,0,0,0,0,0,0,0,0,2005,1,3
I-Ren,j_company_entertainment,0,2016,2017,1,0,3,3,4,1,0,0,0,0,0,1,0,0,0,0,0,0,0,2017,1,2
I.B.I,loen_entertainment,0,2016,2017,0,0,5,5,5,0,0,0,0,0,0,1,0,0,0,0,0,0,0,2016,1,2
I.O.I,ymc_entertainment,0,2016,2017,5,0,11,11,11,0,0,0,2,0,1,3,0,0,0,0,0,0,1,2017,7,2
Icia,colabs,0,2015,2019,3,0,11,11,11,0,0,0,0,0,0,4,0,0,0,0,0,0,0,2018,4,5
ILUV,wks_ene,0,2019,2020,6,0,7,7,7,4,0,0,0,0,0,4,0,0,0,0,0,0,0,2020,4,2
IZ*ONE,off_the_record_entertainment,0,2018,2021,11,0,12,12,12,0,0,1,4,0,0,1,1,1,0,0,3,0,2,2021,13,4
Jewelry,star_empire_entertainment,0,2001,2015,3,0,3,0,4,10,0,6,1,0,0,6,1,2,0,0,5,0,2,2013,23,15
Jjarimongttang,cs_entertainment,0,2013,2016,2,0,3,2,3,2,0,0,0,0,0,1,0,0,0,0,0,0,0,2015,1,4
Juliet,wonder_music,0,1997,2000,0,0,2,1,3,3,0,2,0,0,0,0,0,0,0,0,0,0,0,2000,2,4
K-Girls,beauty_hankook_corporation,0,2013,2015,4,0,5,2,6,7,0,0,1,0,0,2,0,0,0,0,0,0,0,2015,3,3
KARA,dsp_media,0,2007,2016,1,0,4,2,4,5,0,4,7,0,0,4,0,5,1,0,12,0,4,2015,37,10
Kassia,i-star_entertainment,0,2011,2011,0,0,5,5,5,0,0,0,0,0,0,1,0,0,0,0,0,0,0,2011,1,1
Kirots,302skool_company,0,2006,2007,0,0,9,6,8,5,0,0,0,0,0,7,2,0,0,0,0,0,2,2007,11,2
Kiss&Cry,winning_insight_m,0,2014,2014,2,0,4,4,4,0,0,0,0,0,0,3,0,0,0,0,0,0,0,2014,3,1
Kitten Girls,stone_entertainment,0,2017,2019,3,0,3,2,3,3,0,0,0,0,0,1,0,0,0,0,0,1,0,2018,2,3
La TTE,starcubic_entertainment,0,2012,2012,0,0,4,4,4,0,0,0,0,0,0,1,0,0,0,0,0,0,0,2012,1,1
LABELUP,yedam_entertainment,0,2019,2021,5,0,5,2,5,6,0,0,0,0,0,1,0,0,0,0,0,0,0,2020,1,3
LAY.T,baeksang_entertainment,0,2012,2013,2,0,3,3,5,2,0,0,0,0,0,1,0,0,0,0,0,0,0,2012,1,2
Leader'S,tgn_entertainment,0,2011,2015,1,0,5,5,8,24,3,0,0,0,0,5,0,0,0,0,0,0,0,2015,5,5
Limesoda,d-maker_entertainment,0,2017,2020,6,0,3,2,2,2,0,0,0,0,0,3,0,0,0,0,0,0,0,2019,3,4
LIPBUBBLE,zenith_media_contents,0,2017,2019,5,0,7,4,7,6,0,0,0,0,0,2,0,0,0,0,0,0,0,2018,2,3
Littles,nega_network,0,2012,2014,1,0,3,3,3,0,0,0,0,0,0,0,0,0,0,0,0,0,1,2012,1,3
LoveUs,creative_su_entertainment,0,2015,2016,3,0,4,4,4,0,0,0,0,0,0,2,0,0,0,0,0,0,0,2015,2,2
LPG,aquaargo_entertainment,0,2005,2016,0,0,3,0,4,19,0,3,1,1,0,5,0,0,0,0,0,0,0,2015,10,12
Luluz,wanna.b,0,2014,2015,0,0,3,3,3,0,0,0,0,0,0,1,0,0,0,0,0,0,0,2014,1,2
M.I.L.K,bm_entertainment,0,2001,2003,0,0,4,4,4,0,0,1,0,0,0,0,0,0,0,0,0,0,0,2001,1,3
MARMELLO,rolling_culture_one,0,2017,2019,3,0,5,5,5,0,0,0,1,0,0,2,1,0,0,0,0,0,1,2018,5,3
MATILDA,box_media,0,2016,2019,5,0,4,4,4,0,0,0,0,0,0,4,0,0,0,0,0,0,1,2018,5,4
Maywish,j9_entertainment,0,2018,2019,3,0,4,4,4,0,0,0,0,0,0,2,0,0,0,0,0,0,0,2019,2,2
Melody Day,cre.ker_entertainment,0,2012,2018,4,0,4,4,4,0,0,0,2,0,3,4,3,0,0,0,0,0,15,2018,27,7
Melody Pink,colabs,0,2017,2020,1,0,3,0,4,15,0,0,0,0,0,6,0,0,0,0,0,0,1,2019,7,4
Mercury,gaon_entertainment,0,2016,2017,0,0,3,3,3,0,0,0,0,0,2,0,0,0,0,0,0,0,0,2016,2,2
MIDNIGHT,h&i_entertainment,0,2018,2020,2,0,5,2,3,13,0,0,0,0,0,3,0,0,0,0,0,0,0,2019,3,3
MINX,happyface_entertainment,0,2014,2016,5,0,5,5,5,0,0,0,1,0,0,1,0,0,0,0,0,0,0,2015,2,3
miss A,jyp_entertainment,0,2010,2017,5,0,3,3,4,1,0,2,3,0,2,2,0,0,0,0,0,0,1,2015,10,8
MIXX,chiko_bros_entertainment,0,2016,2017,4,0,5,3,4,5,0,0,0,0,0,2,0,0,0,0,0,0,0,2017,2,2
MOA,professional_entertainment,0,2014,2015,1,0,5,5,5,6,0,0,0,0,0,2,0,0,0,0,0,0,1,2014,3,2
MyB,maroo_entertainment,0,2015,2016,4,0,6,6,6,0,0,0,0,0,0,2,0,0,0,0,0,0,0,2015,2,2
N*White,j&j_entertainment,0,2013,2016,3,0,3,3,4,1,0,0,2,0,0,1,0,0,0,0,0,0,0,2015,3,4
Nazca,gaonix_music,0,2001,2004,0,0,6,6,6,0,0,1,0,0,0,0,0,0,0,0,0,0,0,2001,1,4
NeonPunch,a100_entertainment,0,2017,2020,5,0,3,2,3,4,0,0,1,0,1,0,0,0,0,0,0,0,0,2019,2,4
Nep,naeum_entertainment,0,2012,2012,0,0,4,4,4,0,0,0,0,0,1,0,0,0,0,0,0,0,0,2012,1,1
New-A,new_code,0,2016,2017,5,0,4,4,5,1,0,0,0,0,0,1,0,0,0,0,0,0,0,2016,1,2
New.F.O,colabs,0,2011,2012,0,0,5,5,5,0,0,0,0,0,0,1,0,0,0,0,0,0,0,2011,1,2
O My Jewel,acoustic_company,0,2017,2018,4,0,3,3,4,1,0,0,0,0,1,0,0,0,0,0,0,0,0,2017,1,2
O-24,eunsung_entertainment,0,1998,2002,0,0,3,3,4,1,0,2,0,0,0,0,0,0,0,0,0,0,0,2000,2,5
O21,houxiu_tv,0,2016,2017,2,0,6,6,6,0,0,0,0,0,0,1,0,0,0,0,0,0,0,2016,1,2
OAHSIS,krazy_entertainment,0,2016,2019,4,0,8,8,8,0,0,0,0,0,0,1,0,0,0,0,0,0,0,2016,1,4
Oh!Bliss,jt_corea_entertainment,0,2016,2017,5,0,5,5,5,0,0,0,0,0,1,0,0,0,0,0,0,0,0,2016,1,2
P.O.P,dwm_entertainment,0,2017,2018,4,0,5,5,6,1,0,0,1,0,0,0,0,0,0,0,0,0,0,2017,1,2
Pandora,t.s_family_entertainment,0,2012,2013,0,0,4,4,5,1,0,0,1,0,0,0,0,0,0,0,0,0,0,2012,1,2
PAPAYA,colabs,0,2000,2001,0,0,3,3,5,2,0,1,0,0,0,0,0,0,0,0,0,0,0,2001,1,2
PEACE,krazy_entertainment,0,2018,2019,0,0,4,4,4,0,0,0,0,0,0,1,0,0,0,0,0,0,0,2019,1,2
Peach Girl,jm_star_entertainment,0,2013,2014,1,0,5,5,5,0,0,0,0,0,0,1,0,0,0,0,0,0,0,2013,1,2
Piggy Dolls,winning_insight,0,2011,2013,0,0,6,3,3,3,0,1,1,0,0,3,0,0,0,0,0,0,0,2013,5,3
PIT A PAT,pit_a_pat_entertainment,0,2017,2017,2,0,6,6,6,0,0,0,0,0,0,1,0,0,0,0,0,0,0,2017,1,1
Playback,colabs,0,2015,2018,4,0,4,3,4,2,0,0,0,0,1,3,0,0,0,0,0,0,0,2017,4,4
PPL,parksal_company,0,2015,2018,3,0,6,6,6,0,0,0,0,0,0,3,0,0,0,0,0,1,0,2017,4,4
PRISMA,unionwave_entertainment,0,2020,2021,1,0,5,5,5,0,0,0,0,0,1,0,0,0,0,0,0,0,0,2020,1,2
PRISTIN,pledis_entertainment,0,2017,2019,1,1,11,12,12,0,1,0,2,0,0,2,0,0,0,0,0,0,1,2017,5,3
Purfles,crescendo_music,0,2014,2016,4,0,3,3,3,0,0,0,0,0,0,3,0,0,0,0,0,0,0,2015,3,3
Purplay,purple_i_ent,0,2013,2014,1,0,4,4,4,0,0,0,0,0,0,1,0,0,0,0,0,0,0,2013,1,2
Queen B'Z,js_entertainment,0,2012,2017,2,0,5,5,5,0,0,0,0,0,0,3,1,0,0,0,0,0,3,2017,7,6
Queendom,anj_entertainment,0,2015,2017,6,0,3,1,3,7,0,0,0,0,0,5,0,0,0,0,0,0,0,2017,5,3
ANJ Entertainment,dsp_media,0,2009,2016,5,0,7,7,7,0,2,1,4,0,0,2,0,1,0,0,3,0,5,2016,16,8
Ramisu,ui_entertainment,0,2017,2017,3,0,3,3,3,0,0,0,0,0,0,1,0,0,0,0,0,0,0,2017,1,1
RaNia,colabs,0,2011,2020,5,0,5,0,8,19,0,0,3,3,0,4,0,0,0,0,0,0,1,2017,11,10
Real Girls Project,interactive_media_mix,0,2016,2018,4,0,10,10,10,0,0,0,0,0,0,2,0,0,1,0,0,2,3,2017,8,3
Refund Sisters,mbc,0,2020,2020,0,0,4,4,4,0,0,0,0,0,1,0,0,0,0,0,0,0,0,2020,1,1
Rendezvous,parksal_company,0,2018,2019,4,0,4,3,4,8,0,0,0,0,0,1,0,0,0,0,0,0,0,2019,1,2
Rose Finger,colabs,0,2017,2020,1,0,4,2,2,3,0,0,0,0,0,3,0,0,0,0,0,0,0,2019,3,4
S.E.S.,sm_entertainment,0,1997,2002,1,0,3,3,3,0,0,5,0,3,0,0,0,2,0,0,9,0,0,2002,19,6
S.E.S.,sm_entertainment,0,2016,2017,1,0,3,3,3,0,0,0,0,2,0,0,0,0,0,0,0,0,0,2017,2,2
S.E.T,hoonstar_entertainment,0,2017,2017,4,0,3,3,3,0,0,0,0,0,0,1,0,0,0,0,0,0,0,2017,1,1
S2,climix,0,2017,2018,4,0,6,6,6,0,0,0,0,0,1,0,0,0,0,0,0,0,0,2017,1,2
S2U,one_shot_entertainment,0,2017,2019,1,0,3,2,3,3,0,0,0,0,0,2,0,0,0,0,0,0,0,2018,2,3
Scarlet,colabs,0,2014,2015,2,0,4,4,6,2,0,0,0,0,0,2,0,0,0,0,0,0,0,2014,2,2
Secret,ts_entertainment,0,2009,2018,3,0,3,3,4,1,0,1,5,0,3,2,0,1,1,0,5,0,2,2014,20,10
See U,donga_planning,0,1999,2000,0,0,3,3,3,0,0,1,0,0,0,0,0,0,0,0,0,0,0,1999,1,2
SHA SHA,major_entertainment,0,2017,2019,0,0,6,3,6,6,0,0,0,0,2,1,0,0,0,0,0,0,0,2018,3,3
S#aFLA,vine_entertainment,0,2018,2019,3,0,4,4,4,0,0,0,0,0,0,2,0,0,0,0,0,0,0,2019,2,2
She'Z,line_entertainment,0,2012,2014,3,0,4,4,4,0,0,0,1,0,1,5,0,0,0,0,0,0,1,2014,8,3
SHINVI,cid.k_entertainment,0,2002,2003,0,0,3,3,3,0,0,1,0,0,0,0,0,0,0,0,0,0,2,2002,3,2
SIOSIJAK,good_dream_entertainment,0,2018,2020,4,0,4,2,5,7,0,0,0,0,0,1,0,0,0,0,0,0,0,2018,1,3
SISTAR,starship_entertainment,0,2010,2017,7,0,4,4,4,0,1,2,4,2,3,4,0,0,0,0,0,0,3,2017,18,8
Six Bomb,world_event_agency,0,2012,2012,3,0,5,5,5,0,0,0,1,0,0,0,0,0,0,0,0,0,0,2012,1,1
SKarf,alpha_entertainment,0,2012,2014,2,0,5,5,6,1,0,0,1,0,1,0,0,0,0,0,0,0,0,2013,2,3
Sol-T,probeat_company,0,2016,2017,0,0,6,4,4,2,0,0,0,0,0,2,0,0,0,0,0,0,0,2016,2,2
SPICA,colabs,0,2012,2017,4,0,5,5,5,0,1,0,2,0,0,5,1,0,0,0,0,1,3,2016,12,6
Stellar,the_entertainment_pascal,0,2011,2018,5,0,4,0,4,8,0,0,3,0,1,6,0,0,0,0,0,0,1,2017,11,8
Sugar Moon,bigband_entertainment,0,2016,2016,3,0,4,4,4,0,0,0,0,0,0,1,0,0,0,0,0,0,0,2016,1,1
Sugar Tint,ramah_entertainment,0,2018,2019,2,0,5,5,5,0,0,0,0,0,0,1,0,0,0,0,0,0,0,2018,1,2
Sunny Days,haeun_entertainment,0,2012,2016,3,0,5,1,6,11,0,0,0,0,0,6,1,0,0,0,0,0,1,2015,8,5
Sunny Play,make_d_entertainment,0,2017,2018,0,0,9,9,9,0,0,0,0,0,0,1,0,0,0,0,0,0,0,2017,1,2
SUPA,sp_entertainment,0,2016,2018,1,0,5,4,4,1,0,0,0,0,0,2,0,0,0,0,0,0,0,2017,2,3
SWAN,forasia_entertainment,0,2007,2007,0,0,4,4,4,0,0,0,0,0,0,1,0,0,0,0,0,0,0,2007,1,1
Swi.T,yg_entertainment,0,2002,2004,0,0,3,3,3,0,0,1,0,0,0,0,0,0,0,0,0,0,0,2002,1,3
Switch Berry,dam_entertainment,0,2012,2018,2,0,4,0,4,15,0,0,0,0,0,4,0,0,0,0,0,0,0,2016,4,7
T-ARA,mbk_entertainment,0,2009,2017,4,0,4,4,6,4,2,1,9,2,0,10,0,3,0,0,9,1,11,2017,46,9
T.T.Ma,music_factory_entertainment,0,1999,2002,0,0,5,3,5,4,0,2,0,0,0,1,0,0,0,0,0,0,0,2007,3,4
Tahiti,dreamstar_entertainment,0,2012,2018,6,0,4,3,6,7,0,0,2,0,0,5,0,0,0,0,0,0,2,2016,9,7
The Ark,music_k_entertainment,0,2015,2016,5,0,5,5,5,0,0,0,0,0,0,1,0,0,0,0,0,0,0,2015,1,2
THE GLOSS,mgmc_korea_limited,0,2013,2014,5,0,3,3,3,0,0,0,0,0,0,1,0,0,0,0,0,0,0,2013,1,2
The Grace,sm_entertainment,0,2005,2015,0,0,3,3,4,1,0,1,0,0,4,0,0,2,0,0,7,0,0,2013,14,11
The Lush,oscar_entertainment,0,2013,2017,0,0,3,3,3,0,0,0,0,0,0,4,0,0,0,0,0,0,4,2017,8,5
The SeeYa,core_contents_media,0,2012,2016,0,0,4,4,4,0,0,0,1,0,0,4,0,0,0,0,0,0,3,2014,8,5
The Starz,shin_enetrtainment,0,2015,2017,0,0,4,4,5,1,0,0,0,0,0,2,0,0,0,0,0,0,0,2016,2,3
TINT,gh_entertainment,0,2013,2015,3,0,5,5,5,0,0,0,0,0,2,0,0,0,0,0,0,0,0,2014,2,3
Tiny-G,gng_production,0,2012,2015,0,0,3,3,4,1,1,0,0,0,0,4,0,0,0,0,0,1,2,2014,7,4
To-Ya,norman_entertainment,0,2000,2003,0,0,3,3,3,0,0,1,0,0,0,0,0,0,0,0,1,0,0,2001,2,4
TREN-D,baeksang_entertainment,0,2013,2016,4,0,5,1,5,8,0,0,0,1,0,3,0,0,0,0,0,0,0,2015,4,4
TROPICAL,luk_factory,0,2018,2019,4,0,4,4,4,0,0,0,0,0,0,1,0,0,0,0,0,0,0,2018,1,2
TURAN,starpro_entertainment,0,2013,2016,2,0,6,0,7,14,0,0,1,0,0,1,0,0,1,0,0,0,0,2016,3,4
Two X,star_gaze_entertainment,0,2012,2017,4,0,4,4,5,1,0,0,0,0,3,0,0,0,0,0,0,0,0,2016,3,6
U-HOO,vida_records,0,2017,2018,0,0,4,4,4,0,0,0,0,0,0,1,0,0,0,0,0,0,0,2017,1,2
U-US,erum_entertainment,0,2016,2019,0,0,3,3,3,0,0,0,0,0,0,1,0,0,0,0,0,0,1,2018,2,4
UNI.T,pocketdol_studio,0,2018,2018,5,0,9,9,9,0,0,0,2,0,0,0,0,0,0,0,0,0,0,2018,2,1
UNICA,j-mate_entertainment,0,2017,2018,3,0,4,4,4,0,0,0,0,0,0,1,0,0,0,0,0,0,0,2017,1,2
Unicorn,cartoon_blue_company,0,2015,2017,5,0,4,4,5,1,0,0,2,0,0,0,0,0,0,0,0,0,0,2016,2,3
UNIZ,c2k_entertainment,0,2015,2016,2,0,5,5,5,0,0,0,0,0,0,1,0,0,0,0,0,0,0,2015,1,2
Ureka,hy_company,0,2016,2018,2,0,4,4,5,1,0,0,0,0,0,1,0,0,0,0,0,0,0,2016,1,3
Vanilla Lucy,hanmaek_entertainment,0,2010,2011,1,0,4,4,5,1,0,1,0,0,3,0,0,0,0,0,0,0,0,2011,4,2
Various,cowl_entertainment,0,2016,2018,5,0,4,1,5,8,0,0,0,0,0,3,0,0,0,0,0,0,0,2018,3,3
Vetty-L,oh_entertainment,0,2014,2016,3,0,3,3,3,0,0,0,0,0,0,2,0,0,0,0,0,0,0,2015,2,3
VIVA,shine_e&m,0,2017,2019,0,0,4,4,4,0,0,0,0,0,0,1,0,0,0,0,0,0,0,2017,1,3
VIVIDIVA,dn_entertainment,0,2015,2016,5,0,5,5,5,0,0,0,0,0,0,2,0,0,0,0,0,0,0,2015,2,2
WANNA.B,zenith_media_contents,0,2014,2019,6,0,4,0,4,11,0,0,0,0,0,5,0,0,0,0,0,0,0,2019,5,6
Wassup,colabs,0,2013,2019,3,0,4,4,7,3,0,0,3,0,0,5,0,0,0,0,0,0,1,2017,9,7
Whiteday,wd_entertainment,0,2019,2020,5,0,3,3,3,0,0,0,0,0,0,1,0,0,0,0,0,0,0,2019,1,2
Wonder Girls,jyp_entertainment,0,2007,2017,3,0,4,3,6,5,0,3,2,0,4,5,0,1,2,0,0,7,1,2017,25,11
Ye-A,colabs,0,2014,2015,3,0,7,4,8,7,0,0,0,0,0,1,0,0,0,0,0,0,0,2014,1,2
Year 7 Class 1,dareun_byeol_entertainment,0,2014,2018,5,0,7,7,7,0,0,0,1,0,0,7,0,0,0,0,1,0,0,2017,9,5
Yellow Bee,addiction_entertainment,0,2017,2020,4,0,5,0,5,10,0,0,0,0,0,3,0,0,0,0,0,0,0,2019,3,4
YJIG,gr_entertainment,0,2018,2019,4,0,3,2,5,3,0,0,0,0,0,1,0,0,0,0,0,0,0,2018,1,2
015b,the015b,1,1990,1996,3,0,4,4,4,0,0,6,0,2,0,0,0,0,0,0,0,0,0,1996,8,7
14U,bg_entertainment,1,2017,2019,7,0,14,13,14,2,0,0,0,0,3,1,0,0,0,0,0,0,1,2018,5,3
1Team,liveworks_company,1,2019,2021,6,0,5,5,5,0,0,0,3,0,0,1,0,0,0,0,0,0,0,2020,4,3
1the9,colabs,1,2020,2020,5,0,9,9,9,0,0,0,4,0,0,1,0,0,0,0,0,0,0,2020,5,1
1tym,yg_entertainment,1,1998,2006,1,0,4,4,4,4,0,5,0,0,0,0,0,0,0,0,0,0,2,2005,7,9
2am,jyp_entertainment,1,2008,2015,4,0,4,4,4,0,0,3,3,0,2,0,0,1,0,0,5,1,0,2014,15,8
2pm,jyp_entertainment,1,2008,2017,8,0,6,6,7,1,0,6,1,0,3,6,0,5,0,0,12,0,1,2016,34,10
5urprise,fantagio_music,1,2014,2020,1,0,5,5,5,0,0,0,0,0,0,1,0,0,0,0,2,0,2,2016,5,7
A'st1,dsp_media,1,2008,2009,0,0,6,6,6,0,0,0,1,0,1,0,0,0,0,0,0,0,0,2009,2,2
A-jax,dsp_media,1,2012,2019,7,0,5,4,7,4,0,0,2,0,1,3,0,0,0,0,4,0,0,2018,10,8
A-prince,excellent_entertainment,1,2011,2015,3,0,5,1,5,8,0,0,3,0,1,3,0,0,0,0,0,0,0,2014,7,5
A6P,ds_entertainment,1,2015,2016,3,0,6,6,6,0,0,0,0,0,0,1,0,0,0,0,0,0,0,2015,1,2
AA,wellmade_starm,1,2011,2015,4,0,6,5,5,1,1,0,1,0,1,3,0,0,0,0,0,0,0,2013,5,5
all-star,burnhard_entertainment,1,2015,2017,3,0,2,2,5,3,0,0,0,0,0,1,0,0,0,0,0,0,0,2015,1,3
alldayz,guys_ent,1,2017,2017,1,0,4,4,4,0,0,0,0,0,0,1,0,0,0,0,0,0,0,2017,1,1
astin,kingtop_entertainment,1,2019,2019,3,0,8,8,8,0,0,0,0,1,0,0,0,0,0,0,0,0,0,2019,1,1
axisB,axb_entertainment,1,2016,2017,6,0,5,5,5,0,0,0,0,0,0,2,0,0,0,0,1,0,0,2017,3,2
B.A.P,ts_entertainment,1,2012,2019,5,0,4,4,6,2,1,2,5,1,8,4,0,3,0,0,9,0,0,2018,32,8
B.heart,poong_entertainment,1,2016,2018,4,0,4,4,4,0,0,0,1,0,0,5,0,0,0,0,0,0,1,2017,7,3
B.I.T(2017),sd.ent,1,2017,2017,0,0,5,5,5,0,0,0,0,0,0,2,0,0,0,0,0,0,0,2017,2,1
B.O.i,m.fel_entertainment,1,2013,2013,1,0,6,6,6,0,0,0,0,0,0,1,0,0,0,0,0,0,0,2013,1,1
baikal,baikal_entertainment,1,2017,2019,5,0,7,7,7,0,0,0,0,0,0,2,0,0,0,0,0,0,0,2018,2,3
be.A,chrome_entertainment,1,2014,2017,5,0,5,5,5,2,0,0,1,0,1,4,0,0,0,0,0,0,1,2017,7,4
beatwin,elen_entertainment,1,2017,2017,6,0,5,5,6,1,0,0,2,0,0,5,0,0,0,0,3,0,1,2017,11,1
BECZ,h&h_entertainment,1,2020,2020,0,0,5,5,5,0,0,0,0,0,0,1,0,0,0,0,0,0,0,2020,1,1
Boyfriend,starship_entertainment,1,2011,2019,3,0,6,6,6,0,0,1,5,0,3,3,0,3,1,0,12,0,0,2019,28,9
big brain,major9,1,2015,2017,4,0,4,4,4,0,0,0,0,0,0,5,0,0,0,0,0,0,0,2016,5,3
bigstar,brave_entertainment,1,2012,2019,5,0,5,5,5,0,0,0,3,0,0,4,0,0,0,0,0,0,1,2015,8,8
BLACK6IX,black_hole_entertainment,1,2017,2021,5,0,6,6,6,0,0,0,2,0,0,3,0,0,0,0,0,0,0,2020,5,5
BLANC7,jackpot_entertainment,1,2017,2019,5,0,7,7,7,0,0,0,0,0,0,3,0,0,0,0,0,0,1,2018,4,3
BLAST,kings_entertainment,1,2014,2015,2,0,5,0,5,12,0,0,0,0,0,2,0,0,0,0,0,0,0,2014,2,2
BLK,byking_entertainment,1,2017,2018,5,0,7,6,6,1,0,0,1,0,0,0,0,0,0,0,0,0,0,2017,1,2
Boys Republic,colabs,1,2013,2018,6,0,5,5,5,0,0,0,3,0,0,5,0,1,0,0,5,0,1,2018,15,6
BOYS24,cj_e&m,1,2016,2017,1,0,8,8,8,0,5,2,0,0,1,1,0,0,0,0,0,0,0,2017,4,2
BLT,colabs,1,2014,2015,4,0,7,4,7,6,0,0,1,0,0,1,0,0,0,0,0,0,0,2015,2,2
Buzz(1),in_next_trend,1,2003,2006,2,0,5,5,7,2,0,1,3,1,0,3,0,0,0,0,0,0,8,2006,16,4
C-CLOWN,yedang_entertainment,1,2012,2015,0,0,6,6,6,0,0,0,4,0,0,3,0,0,0,0,0,0,0,2014,7,4
Champs,js_entertainment,1,2013,2015,2,0,5,5,5,0,0,0,0,0,0,2,0,0,0,0,0,0,0,2014,2,3
cici,upvote_entertainment,1,2019,2019,5,0,4,4,4,0,0,0,0,0,0,1,0,0,0,0,0,0,0,2019,1,1
Code-V,code_m_agency,1,2010,2018,3,0,5,3,6,4,0,1,0,0,0,2,0,5,0,1,18,0,2,2018,29,9
bless,code_m_agency,1,2007,2010,3,0,3,3,5,2,0,0,0,0,2,2,0,0,0,0,0,0,0,2009,4,4
dmtn(1),2works_entertainment,1,2010,2013,1,0,6,6,6,0,0,0,2,0,0,3,0,0,0,0,0,0,1,2013,6,4
Double Eight,hy_company,1,2015,2017,3,0,6,3,5,5,0,0,0,0,0,2,0,0,0,0,0,0,0,2017,2,3
Drunken Tiger,feel_ghood_music,1,1998,2018,2,0,2,2,2,0,0,10,0,0,0,4,0,0,0,0,0,0,4,2018,18,21
E7,excellent_entertainment,1,2012,2013,2,0,6,6,6,0,0,0,0,0,0,1,0,0,0,0,0,0,0,2012,1,2
ELVIN CREW,hicc,1,2017,2017,3,0,5,5,5,0,0,0,0,0,0,1,0,0,0,0,0,0,0,2017,1,1
ENOi,kithewhale_company,1,2019,2021,2,0,7,7,7,0,0,0,1,2,0,1,0,0,0,0,0,0,0,2020,4,3
FALLANC,rf_entertainment,1,2018,2019,2,0,4,4,4,0,0,0,0,0,0,1,0,0,0,0,0,0,0,2018,1,2
FameUs,colabs,1,2014,2016,3,0,6,6,6,0,0,0,1,0,0,2,0,0,0,0,0,0,0,2015,3,3
GIDONGDAE,2y_entertainment,1,2021,2021,7,0,5,5,5,0,0,0,0,0,0,1,0,0,0,0,0,0,0,2020,1,1
god(1),jyp_entertainment,1,1999,2005,4,0,5,5,5,0,0,7,0,0,0,0,0,0,0,0,0,0,2,2005,9,7
H.O.T,sm_entertainment,1,1996,2001,0,0,5,5,5,0,0,5,0,4,0,0,0,0,0,0,0,0,2,2001,11,6
HBY,opus_entertainment,1,2017,2020,5,0,4,4,5,1,1,0,0,0,2,0,0,0,0,0,0,0,0,2019,2,4
HeartB,marblepop_entertainment,1,2014,2016,6,0,4,4,4,0,0,0,2,0,0,4,0,0,0,0,0,0,0,2015,6,3
Herycle,gul_dduk_entertainment,1,2012,2014,3,0,5,5,5,0,0,0,0,0,0,1,0,0,0,0,0,0,0,2014,1,3
Hidden,yanus_music,1,2015,2016,1,0,5,5,5,0,0,0,1,0,0,2,0,0,0,0,0,0,0,2016,3,2
HIGH4,n.a.p._entertainment,1,2014,2017,8,0,4,4,4,0,1,0,2,0,0,5,1,0,2,0,0,0,0,2017,10,4
BEAST,cube_entertainment,1,2009,2016,6,0,4,4,6,2,0,3,8,1,0,11,0,3,0,0,9,8,12,2016,55,8
HISTORY�,fave_entertainment,1,2013,2017,6,0,5,5,5,0,0,0,5,0,1,0,0,0,1,0,2,0,0,2016,9,5
HONEYST,fnc_entertainment,1,2017,2019,6,0,4,4,4,0,0,0,0,0,2,0,0,0,0,0,0,0,4,2019,6,3
HOTSHOT,star_crew_entertainment,1,2014,2021,6,1,6,6,6,0,0,0,2,0,1,2,0,0,0,0,1,0,0,2018,6,8
Hwang Project,jellyfish_entertainment,1,2008,2011,0,0,3,3,3,0,0,0,0,1,0,0,0,0,0,0,0,0,1,2011,2,4
I-REX,tarzan_entertainment,1,2013,2014,1,0,5,5,5,0,0,0,0,0,0,1,0,0,0,0,0,0,0,2013,1,2
INX,na_entertainment,1,2016,2017,5,0,5,5,5,0,0,0,0,0,0,1,0,0,0,0,0,0,0,2017,1,2
JACE,right_achievement_group,1,2014,2016,4,0,5,5,5,0,0,0,1,0,0,2,0,0,0,0,0,0,1,2015,4,3
JBJ,loen_entertainment,1,2017,2018,5,0,6,6,6,0,0,0,2,1,0,0,0,0,0,0,0,0,0,2018,3,2
Kingdom�2018,independent,1,2018,2018,0,0,3,3,3,0,0,0,0,0,0,1,0,0,0,0,0,0,0,2018,1,1
LC9,nega_network,1,2013,2015,4,0,5,5,6,1,0,0,1,0,0,1,0,0,0,0,0,0,1,2014,3,3
LedT,starkim_entertainment,1,2010,2016,2,0,3,1,5,11,0,0,3,0,2,8,0,0,0,0,0,0,2,2014,15,7
LUNAFLY,nega_network,1,2012,2017,4,0,2,2,5,3,0,1,1,0,2,4,0,1,0,0,0,1,2,2016,12,6
M.Crown,star_pro_entertainment,1,2015,2016,3,0,10,10,10,0,0,0,0,0,0,1,0,0,0,0,0,0,0,2015,1,2
MADTOWN,gni_entertainmen,1,2014,2017,3,0,7,7,7,0,0,0,3,0,0,1,0,0,1,0,0,0,1,2016,6,4
MASC,j_planet_entertainment,1,2016,2020,7,0,4,2,4,6,0,0,1,0,0,3,0,0,0,0,0,0,0,2019,4,5
MR.MR,e-ho_entertainment,1,2012,2018,5,0,5,3,5,6,0,0,2,0,0,7,0,0,0,0,5,0,0,2018,14,7
MYTEEN,the_music_works,1,2017,2019,4,0,6,6,7,1,0,0,2,0,0,0,0,0,0,0,1,0,0,2018,3,3
N-SONIC,c2k_entertainment,1,2011,2016,5,0,6,3,6,7,0,0,3,0,0,5,0,0,0,0,0,1,1,2016,10,6
NewBlood,hem_entertainment,1,2015,2016,1,0,4,4,4,0,0,0,0,0,0,1,0,0,0,0,0,0,0,2016,1,2
NOM�,jm_star_entertainment,1,2013,2016,2,0,5,5,5,0,0,0,0,0,0,4,0,0,0,0,1,0,0,2015,5,4
NPI,new_planet_entertainment,1,2015,2016,3,0,6,6,6,0,0,0,0,0,0,2,0,0,0,0,0,0,0,2015,2,2
NUBOYZ,starship_entertainment,1,2014,2014,0,0,4,4,4,0,0,0,0,0,0,0,0,0,0,0,0,0,1,2014,1,1
One O One,starhaus_entertainment,1,2015,2019,5,0,4,4,4,0,0,0,0,0,0,3,0,0,0,0,0,0,0,2016,3,5
Phantom,brand_new_music,1,2011,2017,2,0,3,3,3,0,0,1,2,0,8,0,1,0,0,0,0,0,4,2015,16,7
PUREBOY,it_entertainment,1,2014,2018,4,0,5,0,11,16,1,0,1,0,0,1,0,0,0,0,1,0,1,2015,4,5
RAINZ,kiss_entertainment,1,2017,2018,7,0,7,7,7,0,0,0,2,0,0,1,0,0,0,0,2,0,1,2018,6,2
Road Boyz,coconut_entertainment,1,2015,2016,5,0,5,5,5,0,0,0,1,0,0,4,0,0,0,0,0,0,1,2016,6,2
SECHSKIES(1),dsp_media,1,1997,2000,3,0,6,6,6,0,0,4,0,1,0,0,0,0,0,0,0,0,0,2000,5,4
Seo Taiji and Boys,bando_records,1,1992,1996,0,0,3,3,3,0,0,4,0,4,1,0,0,0,0,0,0,0,0,1996,9,5
Seven O'clock,forest_network,1,2017,2021,7,0,7,7,8,1,0,0,3,0,1,1,1,0,0,0,0,0,4,2020,10,5
Solid,riak,1,1993,1997,5,0,3,3,3,0,0,5,0,1,0,0,0,0,0,0,0,0,0,1997,6,5
SPECTRUM�,wynn_entertainment,1,2018,2020,6,0,6,6,7,1,0,0,2,0,2,1,0,0,0,0,0,0,0,2020,5,3
SPEED,mbk_entertainment,1,2013,2015,2,0,8,8,8,0,0,2,3,0,0,2,0,0,0,0,0,0,2,2015,9,3
SS501,dsp_media,1,2005,2010,0,0,5,5,5,0,1,1,2,2,3,6,0,2,0,0,3,0,8,2010,27,6
T-MAX,planet905_entertainment,1,2007,2012,0,0,4,2,3,3,0,1,0,0,1,4,1,0,0,0,1,0,5,2011,13,6
T.E.N,narda_entertainment,1,2018,2018,2,0,10,10,10,0,0,0,0,0,1,0,0,0,0,0,0,0,0,2018,1,1
The King,stallion_entertainment,1,2014,2019,5,0,5,5,5,0,0,0,1,0,0,4,0,0,1,0,0,0,1,2019,7,6
The LEGEND,ss_entertainment,1,2014,2016,3,0,5,5,5,0,0,0,2,0,1,3,0,0,0,0,0,0,0,2016,6,3
TheEastLight.,media_line_entertainment,1,2016,2018,4,0,6,6,6,0,0,0,2,0,0,4,3,0,0,0,0,0,0,2018,9,3
TO.1,the_best_entertainment,1,2018,2018,1,0,8,8,8,0,0,0,0,0,0,1,0,0,0,0,0,0,0,2018,1,1
TREI,banana_culture,1,2017,2020,5,0,3,3,3,0,0,0,1,0,0,2,0,0,0,0,0,0,0,2019,3,4
Trophy,family_music_entertainment,1,2015,2016,4,0,5,5,5,0,0,0,0,0,0,2,0,0,0,0,0,0,0,2015,2,2
TROY,brand_new_music,1,2014,2017,3,0,4,4,4,0,0,0,0,0,0,2,0,0,0,0,0,0,0,2014,2,4
Trusty,playmusic_ground,1,2020,2020,2,0,4,4,4,0,0,0,0,0,0,1,0,0,0,0,0,0,0,2020,1,1
Turbo(1),the_turbo_company,1,1995,2000,0,0,3,3,3,0,0,5,0,4,0,0,0,0,0,0,0,0,0,2000,9,6
UNB,pocketdol_studio,1,2018,2019,8,0,9,9,9,0,0,2,0,0,0,0,0,0,0,0,0,0,0,2018,2,2
Underdog,independent,1,2013,2017,2,0,6,1,6,16,0,0,0,0,5,0,0,0,0,0,0,0,0,2015,5,5
VARSITY,jungle_entertainment,1,2017,2020,7,0,5,5,12,7,1,0,1,0,2,2,0,0,0,0,0,0,0,2020,5,4
VERMUDA,pacemaker_entertainment,1,2017,2019,3,0,5,4,5,2,0,0,0,0,1,1,0,0,0,0,0,0,0,2018,2,3
VX,jj_entertainment,1,2015,2017,6,0,5,5,5,0,0,0,2,0,0,2,0,0,0,0,0,0,0,2017,4,3
Wanna One,swing_entertainment,1,2017,2019,8,0,11,11,11,0,0,1,2,1,0,1,0,0,0,0,0,0,0,2018,5,3
Welldone Potato,banana_culture,1,2014,2016,3,0,4,4,4,0,0,0,0,0,0,1,0,0,0,0,0,0,2,2015,3,3
X1,swing_entertainment,1,2019,2020,6,0,11,11,11,0,0,0,1,0,0,0,0,0,0,0,0,0,0,2019,1,2
YDPP,starship_entertainment,1,2018,2019,0,0,4,4,4,0,0,0,0,0,0,1,0,0,0,0,0,0,0,2018,1,2
ZEST,zenith_media_contents,1,2014,2016,4,0,5,3,6,5,0,0,0,0,0,2,0,0,0,0,0,0,0,2014,2,3
ZPZG,j-star_entertainment,1,2014,2016,2,0,1,1,4,3,0,0,0,0,0,2,0,0,0,0,0,0,0,2015,2,3
