Group Name,Company,Group Type,Debute Year,Disband Year,Current Status,Social Accounts,Inactive Members,Current Members,Original Members Remainding,Initial Members,Member Changes,SubUnits,Albums,Mini Albums, Other Albums,Singles,Digital Singles,Other Singles,Foreign Albums, Foreign Mini Albums,Foreign Other Album,Foreign Singles,Foreign Digital Singles,Foreign Other Singles,Others,Last Production Year
(G)I-DLE,Cube Entertainment,Female,2018,,Active,10,1,5,5,6,0,0,0,4,0,1,4,0,0,2,0,2,2,0,5,2021
10X10,Gaon Entertainment,Female,2015,2016,Disband,2,0,6,6,6,0,0,0,0,0,0,3,0,0,0,0,0,0,0,0,2016
1NB ,Trivus Entertainment,Female,2017,2018,Disband,4,0,5,5,5,0,0,0,0,0,0,6,0,0,0,0,0,0,0,0,2018
1PS,Maroo Entertainment,Female,2014,2015,Disband,3,0,5,4,4,1,0,0,0,0,0,1,0,0,0,0,0,0,0,1,2014
2EYES,SidusHQ,Female,2013,2017,Disband,2,0,4,4,5,1,0,0,0,0,0,1,0,0,0,0,0,0,0,1,2015
2NE1,YG Entertainment,Female,2009,2017,Disband,5,0,3,3,4,1,0,2,2,2,0,12,0,2,1,0,2,2,0,1,2017
3YE,GH Entertainment,Female,2019,,Active,5,0,3,3,3,0,0,0,1,0,0,4,1,0,0,0,0,0,0,0,2021
4CARAT,Youngbridge Entertainment,Female,2019,,Active,1,0,3,3,4,1,0,0,0,0,0,2,0,0,0,0,0,0,0,0,2020
4G,Heuk Ggo Entertainment,Female,2014,2015,Disband,0,0,4,4,4,0,0,0,0,0,0,1,0,0,0,0,0,0,0,0,2014
4L,Jade Contents Media,Female,2014,2015,Disband,3,0,4,4,4,0,0,0,0,0,0,1,0,0,0,0,0,0,0,0,2014
4minute,Cube Entertainment,Female,2009,2016,Disband,5,0,5,5,5,0,1,1,8,0,0,7,4,1,0,0,7,0,0,6,2016
4SOME,Sugar Entertainment,Female,2015,2016,Disband,1,0,4,4,4,0,0,0,0,0,0,1,0,0,0,0,0,0,0,0,2015
4TEN,Jungle Entertainment,Female,2014,2018,Disband,5,0,3,2,4,6,0,0,1,0,0,3,0,0,0,0,0,0,0,0,2016
4Tomorrow,Colabs,Female,2009,2009,Disband,0,0,4,4,4,0,0,0,0,0,0,1,0,0,0,0,0,0,0,0,2009
7Princess,YesPlease Entertainment,Female,2003,2009,Disband,0,0,7,1,7,14,0,2,0,2,1,0,0,0,0,0,0,0,0,1,2009
84LY,Colabs,Female,2012,2013,Disband,0,0,6,6,6,0,0,0,1,0,0,0,0,0,0,0,0,0,0,0,2012
9MUSES,Star Empire Entertainment,Female,2010,2019,Disband,6,0,4,1,10,13,1,1,5,1,2,4,0,0,0,0,0,0,0,2,2019
A Train to Autumn,Cube Entertainment,Female,2018,2020,Disband,3,0,4,4,4,0,0,0,0,0,0,4,0,0,0,0,0,0,0,2,2019
A-Daily,DK Entertainment,Female,2014,,Active,4,0,2,2,6,7,0,0,1,0,0,3,0,0,0,0,0,0,0,1,2017
A-DEAN,DIA9 Entertainment,Female,2013,2019,Disband,4,0,4,2,4,10,0,0,0,0,0,4,0,0,0,0,0,0,0,0,2018
A-Fati,Coolwave Entertainment,Female,2014,2016,Disband,2,0,4,4,4,0,0,0,0,0,0,4,0,0,0,0,0,0,0,2,2015
A-Feel,SA Entertainment,Female,2019,,Active,2,0,4,4,4,0,0,0,0,0,0,1,0,0,0,0,0,0,0,0,2019
A-Plus,Owl Entertainment,Female,2015,2016,Disband,0,0,3,3,3,0,0,0,0,0,0,1,0,0,0,0,0,0,0,0,2015
A-seed,Yechan Media,Female,2017,2018,Disband,4,0,4,4,4,0,0,0,0,0,0,3,0,0,0,0,0,0,0,0,2018
A.De,2ABLE Company,Female,2016,2017,Disband,4,0,6,6,7,1,0,0,1,0,1,1,0,0,0,0,0,0,0,0,2017
A.H.H.A,YellOCean,Female,2015,2016,Disband,0,0,4,4,4,0,0,0,0,0,0,1,0,0,0,0,0,0,0,0,2015
A.I.N,Starcommerce Entertainment,Female,2014,2014,Disband,0,0,7,7,7,0,0,0,0,0,0,1,0,0,0,0,0,0,0,0,2014
A.KOR,Doo Republic,Female,2014,2017,Disband,3,0,5,3,3,2,1,0,0,0,0,3,0,0,0,0,0,0,0,0,2015
A.sia,Starmade Entertainment,Female,2006,2007,Disband,0,0,4,4,4,0,0,1,0,0,0,0,0,0,0,0,0,0,0,0,2006
A.SOME,The Solution,Female,2016,2017,Disband,1,0,5,5,5,0,0,0,0,0,0,2,0,0,0,0,0,0,0,0,2016
ABRY,withHC,Female,2017,,Active,7,0,2,2,4,2,0,0,1,0,0,4,1,0,0,0,0,0,0,4,2019
ACE,Worthy Entertainment,Female,2015,2016,Disband,2,0,4,3,4,2,0,0,0,0,0,1,0,0,0,0,0,0,0,0,2015
aespa,SM Entertainment,Female,2020,,Active,7,0,4,4,4,0,0,0,0,0,0,3,0,0,0,0,0,0,0,0,2021
After School,Pledis Entertainment,Female,2009,2020,Disband,5,0,1,1,5,10,3,1,0,0,6,2,3,2,0,1,6,0,0,5,2015
Aila,Plane Entertainment,Female,2014,2014,Disband,0,0,4,4,4,0,0,0,0,0,0,1,0,0,0,0,0,0,0,0,2014
AiRiSU,Gaon Entertainment,Female,2018,2019,Disband,2,0,4,4,4,0,0,0,0,0,0,1,0,0,0,0,0,0,0,0,2018
AL,Mascom Company,Female,2001,2002,Disband,0,0,4,4,4,0,0,1,0,0,0,0,0,0,0,0,0,0,0,0,2001
Alice White,SMAF Entertainment,Female,2014,2015,Disband,3,0,5,5,5,0,0,0,0,0,0,1,0,0,0,0,0,0,0,0,2014
ALiKE,87sound,Female,2018,2019,Disband,5,0,3,3,3,0,0,0,0,0,0,2,0,0,0,0,0,0,0,0,2019
AMOR,Juny Network Entertainment,Female,2017,2018,Disband,2,0,5,5,5,1,0,0,0,0,0,1,0,0,0,0,0,0,0,0,2017
ANDS,Colabs,Female,2014,2016,Disband,0,0,3,3,5,2,0,0,0,0,2,1,0,0,0,0,0,0,0,0,2015
ANS,ANS Entertainment,Female,2019,2020,Disband,7,0,8,6,6,2,0,0,0,0,0,3,0,0,0,0,0,0,0,0,2020
AOA,FNC Entertainment,Female,2012,,Active,8,0,3,3,8,5,2,1,6,0,5,0,0,2,0,0,5,2,0,2,2019
API,Girl Group API,Female,2019,,Active,3,0,5,5,5,0,0,0,0,0,0,2,0,0,0,0,0,0,0,0,2020
Apink,Play M Entertainment,Female,2011,,Active,10,0,6,6,7,1,3,3,9,1,0,9,1,3,0,0,9,0,0,3,2021
Apple.B,GH Entertainment,Female,2017,2018,Disband,4,0,5,5,5,0,0,0,0,0,0,1,0,0,0,0,0,0,0,0,2017
APRIL,DSP Media,Female,2015,,Active,9,0,6,4,6,4,0,0,7,0,2,0,2,0,0,0,2,0,0,7,2020
April Kiss,Olleh Music,Female,2011,2011,Disband,1,0,6,6,6,0,0,0,1,0,0,0,0,0,0,0,0,0,0,0,2011
AQUA,KRAZY Entertainment,Female,2018,2019,Disband,1,0,6,6,6,0,0,0,0,0,0,1,0,0,0,0,0,0,0,0,2018
AREAL,JZ Factory Entertainment,Female,2020,2021,Disband,5,0,4,4,4,0,0,0,0,0,0,1,0,0,0,0,0,0,0,0,2020
ARIAZ,Rising Star Entertainment,Female,2019,,Active,4,0,6,6,6,0,0,0,1,0,0,0,0,0,0,0,0,0,0,0,2019
As One,Chorokbaemjuna E&M,Female,2012,2016,Disband,3,0,6,6,6,0,0,0,0,0,0,2,0,0,1,0,0,7,0,0,2016
ASHA,CM Entertainment,Female,2015,2016,Disband,4,0,4,4,4,0,0,0,0,0,0,1,0,0,0,0,0,0,0,0,2015
Asome.D,DY Entertainment,Female,2020,,Active,6,0,3,3,3,0,0,0,0,0,0,1,0,0,0,0,0,1,0,0,2020
Awe5ome Baby,TN Entertainment,Female,2015,2016,Disband,5,0,5,5,5,0,0,0,0,0,0,1,0,0,0,0,0,0,0,0,2015
AWESOME,Midum Entertainment,Female,2017,2018,Disband,3,0,4,4,4,0,0,0,0,0,0,1,0,0,0,0,0,0,0,0,2017
AZM,Innok Entertainment,Female,2018,2019,Disband,3,0,4,3,4,3,0,0,0,0,0,2,0,0,0,0,0,0,0,0,2018
B Girls,AfreecaTV,Female,2018,,Active,0,0,5,5,5,0,0,0,0,0,0,1,0,0,0,0,0,0,0,0,2018
BaBa,PR Entertainment,Female,2015,2020,Disband,5,0,7,1,6,20,0,0,0,0,0,4,0,0,0,0,0,0,0,0,2018
Baby Boo,Hyunda Company,Female,2015,2020,Disband,2,0,3,1,4,11,0,0,0,0,0,6,0,0,0,0,0,0,0,0,2019
Baby V.O.X,DR Music,Female,1997,2006,Disband,0,0,1,2,6,7,0,7,0,1,0,0,0,0,0,1,0,0,0,0,2004
BADKIZ,US Entertainment,Female,2014,2020,Disband,0,0,4,0,5,22,0,0,0,0,0,8,1,0,0,0,0,0,0,0,2019
Bambino,JS Entertainment,Female,2015,2017,Disband,1,0,4,3,4,1,0,0,0,0,0,2,0,0,0,0,0,0,0,0,2016
Bay.B,CAN Entertainment,Female,2014,2016,Disband,4,0,3,3,3,0,0,1,0,0,0,3,0,0,0,0,0,0,0,0,2015
BBURECTOR,BBU Entertainment,Female,2018,2018,Disband,0,0,3,3,3,0,0,0,0,0,0,1,0,0,0,0,0,0,0,0,2018
BeBe Mignon,Happyface Entertainment,Female,2010,2011,Disband,0,0,3,3,3,0,0,0,1,0,0,2,0,0,0,0,0,0,0,1,2011
BEBE6,K12 Company,Female,2017,2020,Disband,4,0,3,3,5,4,0,0,1,0,0,3,0,0,0,0,0,0,0,1,2019
Bebop,HMI Entertainment,Female,2013,2016,Disband,3,0,3,3,3,0,0,0,2,0,0,0,0,0,0,0,0,0,0,2,2014
Berry Chu,Gyeolhwa Entertainment,Female,2017,,Active,0,0,6,6,6,0,0,0,0,0,0,1,0,0,0,0,0,0,0,0,2017
Berry Good,JTG Entertainment,Female,2014,,Active,6,1,2,0,5,9,1,1,4,0,0,6,0,0,0,0,0,0,0,5,2021
BESTie,YNB Entertainment,Female,2013,2018,Disband,4,0,2,2,4,2,0,0,2,0,0,5,0,0,0,0,0,0,0,0,2015
Black Bunny,LAentertainment,Female,2019,2020,Disband,4,0,4,4,4,0,0,0,0,0,0,1,0,0,0,0,0,0,0,0,2019
Black Swan(2016),GM Entertainment,Female,2016,2016,Disband,1,0,4,4,4,0,0,0,0,0,0,2,0,0,0,0,0,0,0,1,2016
BLACKPINK,YG Entertainment,Female,2016,,Active,9,0,4,4,4,0,0,1,2,1,1,3,0,2,1,2,1,0,0,6,2020
BLACKSWAN(2020),DR Music,Female,2020,,Active,4,0,4,4,5,1,0,1,0,0,0,0,0,0,0,0,0,0,0,0,2020
Blady,Colabs,Female,2011,2017,Disband,3,0,5,0,5,13,1,0,1,0,0,4,0,0,0,0,0,0,0,0,2015
Blah Blah,FAB Entertainment,Female,2017,2019,Disband,4,0,2,2,5,3,0,0,0,0,0,1,0,0,0,0,0,0,0,0,2017
Blastar,VH Entertainment,Female,2020,2020,Disband,1,0,5,5,5,0,0,0,0,0,0,1,0,0,0,0,0,0,0,0,2020
Bling,PS Creative,Female,2015,2018,Disband,3,0,4,3,5,3,0,0,0,0,0,1,0,0,0,0,0,0,0,0,2016
Bling Bling,MAJOR9,Female,2020,,Active,6,0,6,6,6,0,0,0,1,0,0,1,0,0,0,0,0,0,0,0,2021
Bloomy,DS Entertainment,Female,2016,2017,Disband,6,0,4,4,4,0,0,0,1,0,0,0,0,0,0,0,0,0,0,0,2016
Blue Fox,Blue Fox Entertainment,Female,2018,,Active,3,0,5,1,4,12,0,0,0,0,0,1,0,0,0,0,0,0,0,0,2018
BlueMint,StarCore,Female,2019,,Active,1,0,6,5,5,1,0,0,0,0,0,2,0,0,0,0,0,0,0,0,2019
Bob Girls,Chrome Entertainment,Female,2014,2015,Disband,4,0,4,4,4,0,0,0,0,0,0,1,0,0,0,0,0,0,0,1,2014
BONUSbaby,Maroo Entertainment,Female,2017,2020,Disband,6,0,5,5,6,1,0,0,0,0,0,2,0,0,0,0,0,0,0,0,2017
BOTOPASS,Colabs,Female,2020,,Active,6,0,8,8,8,0,0,0,0,0,1,0,0,0,0,0,0,0,0,0,2020
BP POP,BP Story Entertainment,Female,2013,2015,Disband,3,0,5,5,5,0,0,0,0,0,0,2,0,0,0,0,0,0,0,0,2013
Brand New Day,Wannabe Management,Female,2009,2009,Disband,0,0,3,3,3,0,0,0,1,0,0,2,0,0,0,0,0,0,0,1,2009
Brave Girls,Brave Entertainment,Female,2011,,Active,7,0,4,0,4,10,0,0,4,0,1,6,0,0,0,0,0,0,0,1,2020
Brown Eyed Girls,APOP Entertainment,Female,2006,,Active,5,0,4,4,4,0,1,6,3,2,0,8,0,0,0,0,0,0,0,10,2020
BULLDOK,InnoK Entertainment,Female,2016,2018,Disband,0,0,2,2,5,3,0,0,0,0,0,1,0,0,0,0,0,0,0,0,2016
Busters,Colabs,Female,2017,,Active,4,0,4,0,5,10,0,0,1,0,3,1,0,0,0,0,0,0,0,0,2020
BVNDIT,MNH Entertainment,Female,2019,,Active,7,0,5,5,5,0,0,0,2,0,0,4,0,0,0,0,0,0,0,0,2020
Byulzzi,THE NEW Entertainment,Female,2020,,Active,4,0,3,3,3,0,0,0,0,0,0,1,0,0,0,0,0,0,0,0,2020
C.I.V.A,Lee&Tak Entertainment,Female,2016,2016,Disband,0,0,3,3,3,0,0,0,0,0,0,1,0,0,0,0,0,0,0,0,2016
CAMILA,C.C Entertainment,Female,2018,2019,Disband,2,0,3,3,3,0,0,0,0,0,0,2,0,0,0,0,0,0,0,0,2019
Carcaro Girl,Reverse Social,Female,2011,2011,Disband,1,0,6,6,6,0,0,0,0,0,0,1,0,0,0,0,0,0,0,0,2011
Celeb Five,Contents Lab VIVO,Female,2018,,Active,1,0,4,4,4,0,0,0,0,0,0,3,0,0,0,0,0,0,0,0,2019
Cherry Bullet,FNC W,Female,2019,,Active,12,0,7,7,10,3,0,0,1,0,2,2,0,0,0,0,0,0,0,0,2021
CHERRY ON TOP,United Creative,Female,2018,2019,Disband,5,0,4,4,4,0,0,0,0,0,0,2,0,0,0,0,0,0,0,0,2018
CHI CHI,Trophy Entertainment,Female,2011,2013,Disband,0,0,5,5,7,3,0,0,0,0,0,3,0,0,0,0,1,0,0,0,2012
Chic Angel,Liz Entertainment,Female,2015,,Active,6,0,4,4,6,2,0,0,0,0,0,3,1,0,0,0,0,0,0,4,2020
CHIC&IDLE,Liz Entertainment,Female,2020,,Active,2,0,9,9,9,0,0,0,0,0,0,1,0,0,0,0,0,0,0,0,2020
Chloris,FAB Entertainment,Female,2017,2020,Disband,7,0,4,2,4,4,0,0,0,0,0,1,0,0,0,0,0,0,0,0,2017
ChoColat,Paramount Music,Female,2011,2014,Disband,1,0,6,6,6,0,0,0,1,0,2,0,0,0,0,0,0,0,0,0,2013
cignature,J9 Entertainment,Female,2020,,Active,7,0,5,5,7,2,0,0,0,1,0,2,0,0,0,0,0,0,0,1,2020
CLC,Cube Entertainment,Female,2015,,Active,7,0,6,6,6,1,0,0,8,0,1,4,0,0,2,0,0,0,0,4,2021
CLEO,EMI (Korea),Female,1999,2005,Disband,0,0,3,1,3,4,0,5,0,0,0,1,0,0,0,0,0,0,0,0,2005
CoCo,Fancy Factory,Female,2019,,Active,6,0,6,3,7,11,0,0,0,0,0,2,0,0,0,0,0,0,0,0,2020
Cooki,Dream Scape Entertainment,Female,1998,2001,Disband,0,0,4,4,4,0,0,2,0,0,0,0,0,0,0,0,0,0,0,0,2000
Cookie,HR Entertainment,Female,2021,,Active,2,0,4,4,4,0,0,0,0,0,0,1,0,0,0,0,0,0,0,0,2021
CRAXY,SAI Entertainment,Female,2020,,Active,6,0,5,5,5,0,0,1,0,0,0,1,0,0,0,0,0,0,0,1,2020
Crayon Pop,Chrome Entertainment,Female,2012,2016,Disband,8,0,4,4,5,1,1,1,3,0,3,2,0,1,1,1,2,0,0,6,2016
CST,Dreamcense,Female,2018,2018,Disband,2,0,4,4,4,0,0,0,0,0,0,1,0,0,0,0,0,0,0,0,2018
Cupid,Narda Entertainment,Female,2015,2019,Disband,0,0,2,1,4,8,0,0,0,0,0,1,1,0,0,0,0,0,0,2,2018
CutieL,Colabs,Female,2010,2018,Disband,2,0,5,0,7,25,0,1,1,0,0,5,0,0,0,0,0,0,0,0,2016
D.el,Colabs,Female,2016,2017,Disband,0,0,5,5,5,0,0,0,0,0,0,2,0,0,0,0,0,0,0,0,2017
D.Holic,Star Road Entertainment,Female,2014,2017,Disband,5,0,6,2,5,7,0,0,1,0,1,2,0,0,0,0,0,0,0,0,2016
Dalshabet,Happyface Entertainment,Female,2011,2019,Disband,4,0,6,5,6,2,0,1,10,0,0,0,0,0,0,0,1,0,0,1,2016
DayDream(2016),Colabs,Female,2016,2016,Disband,0,0,3,3,3,0,0,0,0,0,0,1,0,0,0,0,0,0,0,0,2016
Daydream(2019),Great Company,Female,2019,2020,Disband,3,0,6,4,4,2,0,0,0,0,0,1,0,0,0,0,0,0,0,0,2020
Delight(2013),Bros Media Entertainment,Female,2013,2015,Disband,3,0,5,3,4,4,0,0,2,0,0,1,0,0,0,0,0,0,0,0,2014
DESTINY,FATE Entertainment,Female,2018,,Active,3,0,4,4,4,0,0,0,0,0,0,2,0,0,0,0,0,0,0,0,2019
DIA,Colabs,Female,2015,,Active,5,1,7,4,7,5,2,2,6,0,0,1,0,0,0,0,0,0,0,1,2020
DICE,Bros Entertainment,Female,2016,2017,Disband,0,0,4,4,4,0,0,0,0,0,0,1,0,0,0,0,0,0,0,0,2016
Diva,Colabs,Female,1997,2005,Disband,0,0,3,3,4,1,0,8,0,0,0,0,0,1,0,0,0,0,0,2,2005
Dorothy,leek.mill,Female,2016,2017,Disband,3,0,6,5,5,1,0,0,0,0,0,1,0,0,0,0,0,0,0,0,2016
Dream Candy,Colabs,Female,2020,,Active,2,0,7,3,7,8,0,0,0,0,0,2,0,0,0,0,0,0,0,0,2020
Dreamcatcher,Dreamcatcher Company,Female,2017,,Active,8,0,7,7,7,0,0,1,6,1,2,0,2,1,0,0,4,3,0,1,2021
DreamNote,iMe KOREA,Female,2018,,Active,5,0,6,6,8,2,0,0,0,0,3,0,0,0,0,0,0,0,0,0,2020
Elado,Ao Entertainment,Female,2017,2017,Disband,0,0,3,3,3,0,0,0,0,0,0,1,0,0,0,0,0,0,0,0,2017
ELRIS,Hunus Entertainment,Female,2017,,Active,6,0,7,6,6,1,0,0,4,0,0,1,0,0,0,0,0,0,0,1,2020
Enue,Samsung Music,Female,1997,1999,Disband,0,0,3,3,3,0,0,1,0,0,0,0,0,0,0,0,0,0,0,0,1997
Episode,Pops Entertainment,Female,2015,,Active,7,0,5,1,4,11,0,0,0,0,0,4,0,0,0,0,0,0,0,0,2020
EVERGLOW,Yue Hua Entertainment,Female,2019,,Active,6,0,6,6,6,0,0,0,2,0,3,0,0,0,0,0,0,0,0,1,2021
EvoL,Stardom Entertainment,Female,2012,2015,Disband,2,0,5,5,5,0,0,0,2,0,0,0,0,0,0,0,0,0,0,0,2013
EXID,Tokuma Japan Communications,Female,2012,,Active,10,0,5,3,5,6,0,1,5,0,2,9,0,2,0,0,2,3,0,2,2020
f(x),SM Entertainment,Female,2009,2019,Disband,5,0,5,5,5,0,0,4,2,0,1,3,1,0,0,0,2,1,0,7,2016
F-ve Dolls,Colabs,Female,2011,2015,Disband,1,0,6,3,5,5,0,0,2,1,0,2,0,0,0,0,0,0,0,1,2013
FANATICS,FENT,Female,2019,,Active,4,0,6,6,6,0,1,0,2,0,0,1,0,0,0,0,0,0,0,0,2021
Fantastie,In Entertainment,Female,2016,2017,Disband,1,0,4,4,4,0,0,0,0,0,0,1,0,0,0,0,0,0,0,0,2016
Fanxy Red,TOV Entertainment,Female,2017,,Active,2,1,4,4,7,3,0,0,0,0,1,0,0,0,0,1,2,0,0,0,2020
fromis_9,Off The Record Entertainment,Female,2017,,Active,8,0,9,9,9,0,0,0,3,0,2,1,1,0,0,0,0,0,0,0,2021
FAVORITE,Astory Entertainment,Female,2017,,Active,6,0,6,6,6,0,0,0,3,0,0,1,0,0,0,0,1,0,0,0,2020
FIESTAR,FAVE Entertainment,Female,2012,2018,Disband,0,0,5,5,6,1,0,0,2,0,3,4,1,0,0,0,0,0,0,4,2018
FIONA,Supreme Entertainment,Female,2015,2016,Disband,0,0,4,4,4,0,0,0,0,0,0,1,0,0,0,0,0,0,0,0,2015
FLASHE,Play Music Entertainment,Female,2012,2020,Disband,6,0,4,1,5,13,0,0,1,0,0,7,4,0,0,0,0,0,0,0,2018
flor_us,YEOM Entertainment,Female,2018,,Active,3,0,3,3,4,1,0,0,0,0,0,4,0,0,0,0,0,0,0,0,2020
Floria,DK Entertainment,Female,2020,,Active,4,0,4,4,4,0,0,0,0,0,1,1,0,0,0,0,0,0,0,0,2020
Flying Girls,Doll Communications,Female,2009,2009,Disband,0,0,3,3,3,0,0,0,1,0,0,0,0,0,0,0,0,0,0,0,2009
FlyWithMe,FA Entertainment,Female,2018,,Active,0,0,5,3,3,2,0,0,0,0,0,4,0,0,0,0,0,0,0,0,2020
G-(i)Kon,D-Day Entertainment,Female,2019,2020,Disband,1,0,4,4,4,0,0,0,0,0,0,1,0,0,0,0,0,0,0,0,2019
G-reyish,Big Ocean ENM,Female,2017,,Active,6,0,4,3,4,1,0,0,1,0,0,6,0,0,0,0,0,0,0,0,2021
Gangkiz,Core Contents Media,Female,2012,2014,Disband,2,0,7,7,7,0,0,0,1,0,0,0,0,0,0,0,0,0,0,0,2012
Gavy NJ,Good Fellas Entertainment,Female,2005,,Active,3,0,3,0,3,7,0,7,3,0,0,23,0,0,0,0,0,0,0,17,2020
GBB,ProBeat Company,Female,2018,2020,Disband,3,0,5,5,5,0,0,0,1,0,0,0,0,0,0,0,0,0,0,0,2018
GeeGu,GF Entertainment,Female,2017,2021,Disband,5,0,6,6,9,3,0,0,2,0,0,0,0,0,0,0,0,0,0,1,2019
GFRIEND,Source Music,Female,2015,,Active,11,0,6,6,6,0,0,3,10,0,0,0,0,1,0,0,3,2,0,2,2020
GI,SimTong Entertainment,Female,2013,2016,Disband,3,0,5,2,5,6,0,0,1,0,0,4,0,0,0,0,0,0,0,0,2015
GIRL CRUSH,DAM Entertainment,Female,2019,,Active,3,0,4,4,5,1,0,0,0,0,0,1,0,0,0,0,0,0,0,0,2019
Girl's Day,DreamT Entertainment,Female,2010,2017,Disband,8,0,4,2,5,5,0,2,6,1,9,0,1,0,0,0,1,0,0,0,2017
Girl2School,DNI Works,Female,2010,2015,Disband,3,0,3,0,10,20,0,0,0,0,0,3,0,0,0,0,0,0,0,1,2014
GIRLKIND,Nextlevel Entertainment,Female,2018,,Active,4,1,5,0,5,0,1,0,0,0,0,4,1,0,0,0,0,0,0,0,2020
GIRLS GIRLS,H Brothers Entertainment,Female,2015,2019,Disband,4,0,2,2,5,3,0,0,0,0,2,0,0,0,0,0,0,0,0,0,2016
Girls' Generation,SM Entertainment,Female,2007,,Active,8,0,8,8,9,1,2,6,4,4,2,5,5,3,0,0,9,3,0,7,2017
Girls2000,Colabs,Female,2020,,Active,5,0,4,4,4,0,0,0,0,0,0,3,0,0,0,0,0,0,0,0,2021
GLAM,Colabs,Female,2012,2015,Disband,3,0,4,4,5,1,0,0,0,0,2,2,0,0,0,0,0,0,0,3,2014
GLOSS,Futures,Female,2019,,Active,2,0,4,4,4,0,0,0,0,0,0,1,0,0,0,0,0,0,0,0,2019
GOOD DAY,C9 Entertainment,Female,2017,2019,Disband,4,0,10,10,10,0,3,0,1,0,0,0,0,0,0,0,0,0,0,0,2017
GP Basic,Jacyhan International,Female,2010,2015,Disband,0,0,7,7,7,0,0,0,0,0,0,7,0,0,0,0,0,0,0,0,2014
GROW.B,Midum Entertainment,Female,2019,2019,Disband,1,0,6,6,6,0,0,0,1,0,0,0,0,0,0,0,0,0,0,0,2019
GsA,Roots Entertainment,Female,2017,,Active,5,0,3,3,6,3,0,0,0,0,0,3,0,0,0,0,0,0,0,0,2019
Gugudan,Jellyfish Entertainment,Female,2016,2020,Disband,5,0,8,8,9,1,2,0,3,0,2,0,0,0,0,0,0,0,0,4,2018
GWSN,MILES,Female,2018,,Active,8,0,7,7,7,0,0,0,4,0,0,0,0,0,0,0,0,0,0,2,2020
H.U.B,New Planet Entertainment,Female,2017,2019,Disband,6,0,5,1,4,7,0,0,0,0,0,5,0,0,0,0,0,0,0,0,2018
H2L,Regolith Entertainment,Female,2015,2017,Disband,1,0,3,3,5,2,0,0,0,0,0,3,0,0,0,0,0,0,0,1,2017
HADY,Kings Entertainment,Female,2015,2017,Disband,2,0,4,4,4,0,0,0,0,0,0,1,0,0,0,0,0,0,0,1,2015
HAM,Lee Yeon Entertainment,Female,2009,2011,Disband,2,0,3,3,4,1,0,0,0,0,0,4,2,0,0,0,0,0,0,0,2011
Hashtag,LUK Factory,Female,2017,,Active,5,0,7,7,7,0,0,0,2,0,0,1,0,0,0,0,0,0,0,0,2019
Heart,KCENT Entertainment,Female,2016,2017,Disband,2,0,4,4,4,0,0,0,0,0,0,1,0,0,0,0,0,0,0,0,2016
HELLOVENUS,Fantagio Music,Female,2012,2019,Disband,3,0,6,4,6,4,0,0,5,1,1,4,0,0,0,0,0,0,0,3,2018
HEXE,Serenity Music,Female,2015,2016,Disband,1,0,5,5,5,0,0,0,1,0,0,2,0,0,0,0,0,0,0,0,2016
HeyGirls,Moai Entertainment,Female,2012,,Active,5,1,6,0,6,21,0,0,0,0,0,7,1,0,0,0,0,0,0,0,2021
HeyMiss,CG Entertainment,Female,2016,,Active,2,0,3,3,8,5,0,0,0,0,0,1,0,0,0,0,0,0,0,0,2016
HI CUTIE,Space Music Entertainment,Female,2017,,Active,5,0,4,3,5,3,0,0,0,0,0,9,0,0,0,0,0,0,0,1,2021
Hi.D,Heroes Factory,Female,2016,2016,Disband,4,0,4,4,4,0,0,0,0,0,0,1,0,0,0,0,0,0,0,0,2016
Hibana,To Hermitage,Female,2020,,Active,3,0,3,3,4,1,0,0,0,0,0,1,0,0,0,0,0,1,0,0,2020
HighSchool,Richworld Entertainment,Female,2017,,Active,6,0,3,1,4,5,0,0,1,0,0,2,0,0,0,0,0,0,0,0,2020
HIGHTEEN,Illusion Entertainment,Female,2016,,Active,5,0,4,4,4,0,0,0,2,0,0,2,0,0,0,0,0,0,0,1,2018
HINAPIA,OSR Entertainment,Female,2019,2020,Disband,6,0,5,5,5,0,0,0,0,0,0,1,0,0,0,0,0,0,0,0,2019
HINT,Starpro Entertainment,Female,2017,,Active,5,0,5,5,8,3,0,0,1,0,0,2,1,0,0,0,0,0,0,0,2020
HOLICS,LPA Entertainment,Female,2016,,Active,5,0,5,3,5,7,0,0,0,0,3,1,0,0,0,0,0,0,0,0,2019
Holy Days,Line & Jeen Entertainment,Female,2016,2018,Disband,0,0,3,3,3,0,0,0,0,0,0,3,0,0,0,0,0,0,0,0,2017
Honey Girls,Liz Entertainment,Female,2015,2016,Disband,0,0,3,3,5,2,0,0,0,0,0,1,0,0,0,0,0,0,0,0,2015
Honey Popcorn,Kyun Create,Female,2018,,Active,3,0,5,2,3,4,0,0,2,0,0,0,0,0,0,0,0,1,0,0,2019
HOT ISSUE,S2 Entertainment,Female,2021,,Active,8,0,7,7,7,0,0,0,1,0,0,0,0,0,0,0,0,0,0,0,2021
HOT TEEN,TIPTOP Entertainment,Female,2019,2019,Disband,2,0,3,3,3,0,0,0,0,0,0,1,0,0,0,0,0,0,0,0,2019
HOTTIES,Solerino,Female,2015,2017,Disband,5,0,4,4,5,1,0,0,1,0,0,0,0,0,0,0,0,0,0,0,2015
i-13,Lime Music,Female,2005,2007,Disband,0,0,13,13,13,0,0,1,0,0,0,0,0,0,0,0,0,0,0,0,2005
I-Ren,J Company Entertainment,Female,2016,2017,Disband,1,0,3,3,4,1,0,0,0,0,0,1,0,0,0,0,0,0,0,0,2017
I.B.I,LOEN Entertainment,Female,2016,2017,Disband,0,0,5,5,5,0,0,0,0,0,0,1,0,0,0,0,0,0,0,0,2016
I.C.E,HS Entertainment,Female,2015,,Active,4,0,3,3,4,2,0,0,1,0,0,3,0,0,0,0,0,0,0,0,2020
I.O.I,YMC Entertainment,Female,2016,2017,Disband,5,0,11,11,11,0,0,0,2,0,1,3,0,0,0,0,0,0,0,1,2017
Icia,Colabs,Female,2015,2019,Disband,3,0,11,11,11,0,0,0,0,0,0,4,0,0,0,0,0,0,0,0,2018
ICU,Liz Entertainment,Female,2019,,Active,5,0,5,5,5,0,0,0,0,0,0,2,2,0,0,0,0,1,0,2,2021
ILUV,WKS ENE,Female,2019,2020,Disband,6,0,7,7,7,4,0,0,0,0,0,4,0,0,0,0,0,0,0,0,2020
ITZY,JYP Entertainment,Female,2009,,Active,8,0,5,5,5,0,0,0,4,0,0,2,0,0,0,0,0,1,0,0,2021
IZ*ONE,Off The Record Entertainment,Female,2018,2021,Disband,11,0,12,12,12,0,0,1,4,0,0,1,1,1,0,0,3,0,0,2,2021
Jewelry,Star Empire Entertainment,Female,2001,2015,Disband,3,0,3,0,4,10,0,6,1,0,0,6,1,2,0,0,5,0,0,2,2013
Jjarimongttang,CS Entertainment,Female,2013,2016,Disband,2,0,3,2,3,2,0,0,0,0,0,1,0,0,0,0,0,0,0,0,2015
Juliet,Wonder Music,Female,1997,2000,Disband,0,0,2,1,3,3,0,2,0,0,0,0,0,0,0,0,0,0,0,0,2000
K-Girls,Beauty Hankook Corporation,Female,2013,2015,Disband,4,0,5,2,6,7,0,0,1,0,0,2,0,0,0,0,0,0,0,0,2015
KAACHI,FrontRow Records,Female,2020,,Active,5,0,4,4,4,0,0,0,0,0,0,2,0,0,0,0,0,0,0,0,2020
KARA,DSP Media,Female,2007,2016,Disband,1,0,4,2,4,5,0,4,7,0,0,4,0,5,1,0,12,0,0,4,2015
Kassia,I-Star Entertainment,Female,2011,2011,Disband,0,0,5,5,5,0,0,0,0,0,0,1,0,0,0,0,0,0,0,0,2011
Kirots,302Skool Company,Female,2006,2007,Disband,0,0,9,6,8,5,0,0,0,0,0,7,2,0,0,0,0,0,0,2,2007
Kiss&Cry,Winning Insight M,Female,2014,2014,Disband,2,0,4,4,4,0,0,0,0,0,0,3,0,0,0,0,0,0,0,0,2014
Kitten Girls,Stone Entertainment,Female,2017,2019,Disband,3,0,3,2,3,3,0,0,0,0,0,1,0,0,0,0,0,1,0,0,2018
La TTE,Starcubic Entertainment,Female,2012,2012,Disband,0,0,4,4,4,0,0,0,0,0,0,1,0,0,0,0,0,0,0,0,2012
LABELUP,Yedam Entertainment,Female,2019,2021,Disband,5,0,5,2,5,6,0,0,0,0,0,1,0,0,0,0,0,0,0,0,2020
LABOUM,LABOUM,Female,2014,,Active,10,0,5,5,6,1,0,1,2,0,6,4,0,1,0,0,1,1,0,1,2020
LADIES' CODE,Polaris Entertainment,Female,2013,,Active,6,0,3,3,5,2,0,0,4,0,2,4,2,0,0,0,0,0,0,1,2019
LAY.T,Baeksang Entertainment,Female,2012,2013,Disband,2,0,3,3,5,2,0,0,0,0,0,1,0,0,0,0,0,0,0,0,2012
LAYSHA,A1 Entertainment,Female,2015,,Active,4,0,4,2,4,8,0,0,0,0,0,5,0,0,0,0,0,0,0,0,2019
Leader'S,TGN Entertainment,Female,2011,2015,Disband,1,0,5,5,8,24,3,0,0,0,0,5,0,0,0,0,0,0,0,0,2015
Like Me,Space Music Entertainment,Female,2020,,Active,1,0,4,4,4,0,0,0,0,0,0,1,0,0,0,0,0,0,0,0,2020
Limesoda,D-Maker Entertainment,Female,2017,2020,Disband,6,0,3,2,2,2,0,0,0,0,0,3,0,0,0,0,0,0,0,0,2019
LIPBUBBLE,Zenith Media Contents,Female,2017,2019,Disband,5,0,7,4,7,6,0,0,0,0,0,2,0,0,0,0,0,0,0,0,2018
Little Cheer Girl,Rainbow Company,Female,2015,,Active,3,0,5,0,5,20,0,0,0,0,0,5,0,0,0,0,0,0,0,0,2020
Littles,Nega Network,Female,2012,2014,Disband,1,0,3,3,3,0,0,0,0,0,0,0,0,0,0,0,0,0,0,1,2012
LIVE HIGH,Crayon Star Entertainment,Female,2013,,Active,8,0,3,1,4,6,0,0,0,0,0,5,0,0,0,1,0,0,0,0,2019
LOOΠΔ,BlockBerryCreative,Female,2016,,Active,9,0,12,12,12,0,3,0,3,1,12,3,0,0,0,0,0,0,0,0,2020
Lovelyz,Woollim Entertainment,Female,2014,,Active,6,0,8,8,8,0,0,2,7,1,1,2,1,0,0,0,0,0,0,4,2020
LoveUs,Creative Su Entertainment,Female,2015,2016,Disband,3,0,4,4,4,0,0,0,0,0,0,2,0,0,0,0,0,0,0,0,2015
LPG,AquaArgo Entertainment,Female,2005,2016,Disband,0,0,3,0,4,19,0,3,1,1,0,5,0,0,0,0,0,0,0,0,2015
Luluz,WANNA.B,Female,2014,2015,Disband,0,0,3,3,3,0,0,0,0,0,0,1,0,0,0,0,0,0,0,0,2014
LUNARSOLAR,J Planet Entertainment,Female,2020,,Active,5,0,4,4,4,0,0,0,0,0,2,0,0,0,0,0,0,0,0,0,2021
Lusty,BabaPlay,Female,2019,,Active,3,0,5,5,5,0,0,0,0,0,0,1,1,0,0,0,0,0,0,0,2020
M.I.L.K,BM Entertainment,Female,2001,2003,Disband,0,0,4,4,4,0,0,1,0,0,0,0,0,0,0,0,0,0,0,0,2001
MAJORS,ANS Entertainment,Female,2021,,Active,6,0,6,6,6,0,0,0,0,0,0,2,0,0,0,0,0,0,0,0,2021
Maka Maka,BLUEMOON Entertainment,Female,2020,,Active,6,0,5,5,5,0,0,0,0,0,0,1,0,0,0,0,0,0,0,0,2020
MAMAMOO,RBW,Female,2014,,Active,7,0,4,4,4,0,0,2,10,0,0,6,5,2,1,0,4,0,0,14,2021
MARMELLO,Rolling Culture One,Female,2017,2019,Disband,3,0,5,5,5,0,0,0,1,0,0,2,1,0,0,0,0,0,0,1,2018
MATILDA,Box Media,Female,2016,2019,Disband,5,0,4,4,4,0,0,0,0,0,0,4,0,0,0,0,0,0,0,1,2018
Maywish,J9 Entertainment,Female,2018,2019,Disband,3,0,4,4,4,0,0,0,0,0,0,2,0,0,0,0,0,0,0,0,2019
Melody Day,Cre.ker Entertainment,Female,2012,2018,Disband,4,0,4,4,4,0,0,0,2,0,3,4,3,0,0,0,0,0,0,15,2018
Melody Pink,Colabs,Female,2017,2020,Disband,1,0,3,0,4,15,0,0,0,0,0,6,0,0,0,0,0,0,0,1,2019
Mercury,Gaon Entertainment,Female,2016,2017,Disband,0,0,3,3,3,0,0,0,0,0,2,0,0,0,0,0,0,0,0,0,2016
MIDNIGHT,H&I Entertainment,Female,2018,2020,Disband,2,0,5,2,3,13,0,0,0,0,0,3,0,0,0,0,0,0,0,0,2019
Milkyway,JuJu Sisters,Female,2019,,Active,2,0,5,5,5,0,0,0,0,0,0,1,0,0,0,0,0,0,0,0,2020
Mini Little Cheer Girl,Rainbow Company,Female,2019,,Active,3,0,5,2,6,1,0,0,0,0,0,2,0,0,0,0,0,0,0,0,2021
MINX,Happyface Entertainment,Female,2014,2016,Disband,5,0,5,5,5,0,0,0,1,0,0,1,0,0,0,0,0,0,0,0,2015
miss A,JYP Entertainment,Female,2010,2017,Disband,5,0,3,3,4,1,0,2,3,0,2,2,0,0,0,0,0,0,0,1,2015
MIXX,Chiko Bros Entertainment,Female,2016,2017,Disband,4,0,5,3,4,5,0,0,0,0,0,2,0,0,0,0,0,0,0,0,2017
MOA,Professional Entertainment,Female,2014,2015,Disband,1,0,5,5,5,6,0,0,0,0,0,2,0,0,0,0,0,0,0,1,2014
MOMOLAND,MLD Entertainment,Female,2016,,Active,7,0,6,6,7,3,0,0,5,1,3,1,0,1,0,0,3,0,0,5,2021
My Darling,AL Entertainment,Female,2018,,Active,6,0,3,1,3,7,0,0,0,0,0,3,0,0,0,0,0,0,0,0,2019
MyB,Maroo Entertainment,Female,2015,2016,Disband,4,0,6,6,6,0,0,0,0,0,0,2,0,0,0,0,0,0,0,0,2015
N*White,J&J Entertainment,Female,2013,2016,Disband,3,0,3,3,4,1,0,0,2,0,0,1,0,0,0,0,0,0,0,0,2015
NATURE,n.CH Entertainment,Female,2018,,Active,9,0,9,8,9,2,0,0,2,0,3,0,0,0,0,0,1,0,0,2,2020
Nazca,Gaonix Music,Female,2001,2004,Disband,0,0,6,6,6,0,0,1,0,0,0,0,0,0,0,0,0,0,0,0,2001
NeonPunch,A100 Entertainment,Female,2017,2020,Disband,5,0,3,2,3,4,0,0,1,0,1,0,0,0,0,0,0,0,0,0,2019
Nep,Naeum Entertainment,Female,2012,2012,Disband,0,0,4,4,4,0,0,0,0,0,1,0,0,0,0,0,0,0,0,0,2012
New-A,New Code,Female,2016,2017,Disband,5,0,4,4,5,1,0,0,0,0,0,1,0,0,0,0,0,0,0,0,2016
New.F.O,Colabs,Female,2011,2012,Disband,0,0,5,5,5,0,0,0,0,0,0,1,0,0,0,0,0,0,0,0,2011
O My Jewel,Acoustic Company,Female,2017,2018,Disband,4,0,3,3,4,1,0,0,0,0,1,0,0,0,0,0,0,0,0,0,2017
O-24,Eunsung Entertainment,Female,1998,2002,Disband,0,0,3,3,4,1,0,2,0,0,0,0,0,0,0,0,0,0,0,0,2000
O21,Houxiu TV,Female,2016,2017,Disband,2,0,6,6,6,0,0,0,0,0,0,1,0,0,0,0,0,0,0,0,2016
OAHSIS,KRAZY Entertainment,Female,2016,2019,Disband,4,0,8,8,8,0,0,0,0,0,0,1,0,0,0,0,0,0,0,0,2016
OH MY GIRL,WM Entertainment,Female,2015,,Active,10,0,7,7,8,1,1,1,8,1,0,1,0,3,0,0,1,6,0,11,2021
Oh!Bliss,JT Corea Entertainment,Female,2016,2017,Disband,5,0,5,5,5,0,0,0,0,0,1,0,0,0,0,0,0,0,0,0,2016
ONE,OneCompany2020,Female,2020,,Active,0,0,4,4,4,0,0,0,0,0,0,1,0,0,0,0,0,0,0,0,2020
P.O.P,DWM Entertainment,Female,2017,2018,Disband,4,0,5,5,6,1,0,0,1,0,0,0,0,0,0,0,0,0,0,0,2017
Pandora,T.S Family Entertainment,Female,2012,2013,Disband,0,0,4,4,5,1,0,0,1,0,0,0,0,0,0,0,0,0,0,0,2012
PAPAYA,Colabs,Female,2000,2001,Disband,0,0,3,3,5,2,0,1,0,0,0,0,0,0,0,0,0,0,0,0,2001
PEACE,KRAZY Entertainment,Female,2018,2019,Disband,0,0,4,4,4,0,0,0,0,0,0,1,0,0,0,0,0,0,0,0,2019
Peach Girl,JM Star Entertainment,Female,2013,2014,Disband,1,0,5,5,5,0,0,0,0,0,0,1,0,0,0,0,0,0,0,0,2013
PIERCE,Clevr E&M,Female,2018,,Active,1,0,5,3,5,6,0,0,0,0,0,6,0,0,0,0,0,0,0,0,2021
Piggy Dolls,Winning Insight,Female,2011,2013,Disband,0,0,6,3,3,3,0,1,1,0,0,3,0,0,0,0,0,0,0,0,2013
PinkFantasy,MyDoll Entertainment,Female,2018,,Active,4,0,5,5,8,3,3,0,0,0,2,3,0,0,0,0,1,0,0,0,2021
PIT A PAT,PIT A PAT Entertainment,Female,2017,2017,Disband,2,0,6,6,6,0,0,0,0,0,0,1,0,0,0,0,0,0,0,0,2017
PIXY,Colabs,Female,2020,,Active,5,0,6,6,6,0,0,0,1,0,0,1,0,0,0,0,0,0,0,0,2021
Playback,Colabs,Female,2015,2018,Disband,4,0,4,3,4,2,0,0,0,0,1,3,0,0,0,0,0,0,0,0,2017
Pocket Girls,MissDica Entertainment,Female,2015,,Active,4,0,3,3,3,0,0,0,0,0,0,2,0,0,0,0,0,0,0,0,2017
PPL,Parksal Company,Female,2015,2018,Disband,3,0,6,6,6,0,0,0,0,0,0,3,0,0,0,0,0,1,0,0,2017
PRECIOUS,UMI Entertainment,Female,2020,,Active,5,0,5,5,5,0,0,0,0,0,1,1,0,0,0,0,0,0,0,0,2020
PRISM,LCH Entertainment,Female,2017,,Active,4,0,4,2,2,2,0,0,0,0,0,2,0,0,0,0,0,0,0,0,2019
PRISMA,UnionWave Entertainment,Female,2020,2021,Disband,1,0,5,5,5,0,0,0,0,0,1,0,0,0,0,0,0,0,0,0,2020
PRISTIN,Pledis Entertainment,Female,2017,2019,Disband,1,1,11,12,12,0,1,0,2,0,0,2,0,0,0,0,0,0,0,1,2017
PRITTI-G,Colabs,Female,2015,,Active,3,0,6,3,5,8,0,0,0,0,0,5,0,0,0,0,0,0,0,0,2017
Pungdeng-E,DoMA Entertainment,Female,2013,,Active,6,0,3,3,3,0,0,1,3,0,0,8,2,1,0,0,1,0,0,1,2019
Purfles,Crescendo Music,Female,2014,2016,Disband,4,0,3,3,3,0,0,0,0,0,0,3,0,0,0,0,0,0,0,0,2015
Purplay,Purple I ENT,Female,2013,2014,Disband,1,0,4,4,4,0,0,0,0,0,0,1,0,0,0,0,0,0,0,0,2013
PURPLE,LUK Factory,Female,2018,,Active,0,0,3,3,3,0,0,0,0,0,0,1,0,0,0,0,0,0,0,0,2018
PURPLE K!SS,RBW,Female,2018,,Active,7,0,7,5,6,3,0,0,1,0,0,2,0,0,0,0,0,0,0,0,2021
PURPLEBECK,Majesty Entertainment,Female,2019,,Active,5,0,5,5,5,0,0,0,1,0,2,0,0,0,0,0,0,0,0,0,2020
Q6IX,Retro Entertainment,Female,2019,,Active,1,0,5,2,2,3,0,0,0,0,0,2,0,0,0,0,0,0,0,0,2020
QODES,EJ Music Entertainment,Female,2021,,Active,4,0,4,4,4,0,0,0,0,0,0,6,0,0,0,0,0,0,0,0,2021
Queen B'Z,JS Entertainment,Female,2012,2017,Disband,2,0,5,5,5,0,0,0,0,0,0,3,1,0,0,0,0,0,0,3,2017
Queendom,ANJ Entertainment,Female,2015,2017,Disband,6,0,3,1,3,7,0,0,0,0,0,5,0,0,0,0,0,0,0,0,2017
ANJ Entertainment,DSP Media,Female,2009,2016,Disband,5,0,7,7,7,0,2,1,4,0,0,2,0,1,0,0,3,0,0,5,2016
Ramisu,UI Entertainment,Female,2017,2017,Disband,3,0,3,3,3,0,0,0,0,0,0,1,0,0,0,0,0,0,0,0,2017
RaNia,Colabs,Female,2011,2020,Disband,5,0,5,0,8,19,0,0,3,3,0,4,0,0,0,0,0,0,0,1,2017
RE:KIDS ANGEL,Retune Music,Female,2020,,Active,4,0,4,4,4,0,0,0,0,0,0,2,0,0,0,0,0,0,0,0,2021
RE:KIDS BLOOM,Retune Music,Female,2020,,Active,4,0,5,4,4,1,0,0,0,0,0,1,0,0,0,0,0,0,0,0,2021
Real Girls Project,Interactive Media Mix,Female,2016,2018,Disband,4,0,10,10,10,0,0,0,0,0,0,2,0,0,1,0,0,2,0,3,2017
Red Mint,REDMINTWO,Female,2018,,Active,1,0,2,2,4,2,0,0,0,0,0,2,0,0,0,0,0,0,0,0,2021
Red Velvet,SM Entertainment,Female,2014,,Active,9,0,5,5,5,0,1,2,9,2,0,8,0,10,2,0,0,3,0,4,2020
REDSQUARE,ICONIC MnE,Female,2020,,Active,4,0,5,5,5,0,0,0,0,0,1,0,0,0,0,0,0,0,0,0,2020
Refiners,unknown,Female,2019,,Active,0,0,4,4,4,0,0,0,0,0,0,1,0,0,0,0,0,0,0,0,2019
Refund Sisters,MBC,Female,2020,2020,Disband,0,0,4,4,4,0,0,0,0,0,1,0,0,0,0,0,0,0,0,0,2020
Rendezvous,Parksal Company,Female,2018,2019,Disband,4,0,4,3,4,8,0,0,0,0,0,1,0,0,0,0,0,0,0,0,2019
Rocket Punch,Woollim Entertainment,Female,2019,,Active,9,0,6,6,6,0,0,0,3,0,1,0,0,0,0,0,0,0,0,1,2021
Rose Finger,Colabs,Female,2017,2020,Disband,1,0,4,2,2,3,0,0,0,0,0,3,0,0,0,0,0,0,0,0,2019
S.E.S.,SM Entertainment,Female,1997,2002,Disband,1,0,3,3,3,0,0,5,0,3,0,0,0,2,0,0,9,0,0,0,2002
S.E.S.,SM Entertainment,Female,2016,2017,Disband,1,0,3,3,3,0,0,0,0,2,0,0,0,0,0,0,0,0,0,0,2017
S.E.T,Hoonstar Entertainment,Female,2017,2017,Disband,4,0,3,3,3,0,0,0,0,0,0,1,0,0,0,0,0,0,0,0,2017
S.I.S,XX Entertainment,Female,2017,,Active,7,1,4,4,6,2,0,0,0,0,4,0,0,0,0,0,0,0,0,1,2020
S2,CLIMIX,Female,2017,2018,Disband,4,0,6,6,6,0,0,0,0,0,1,0,0,0,0,0,0,0,0,0,2017
S2U,One Shot Entertainment,Female,2017,2019,Disband,1,0,3,2,3,3,0,0,0,0,0,2,0,0,0,0,0,0,0,0,2018
SATURDAY,SD Entertainment,Female,2018,,Active,6,0,5,3,7,6,0,0,0,0,3,2,2,0,0,0,0,0,0,0,2021
Scarlet,Colabs,Female,2014,2015,Disband,2,0,4,4,6,2,0,0,0,0,0,2,0,0,0,0,0,0,0,0,2014
Secret,TS Entertainment,Female,2009,2018,Disband,3,0,3,3,4,1,0,1,5,0,3,2,0,1,1,0,5,0,0,2,2014
SECRET NUMBER,Vine Entertainment,Female,2020,,Active,4,0,5,5,5,0,0,0,0,0,2,0,0,0,0,0,0,0,0,0,2020
See U,Donga Planning,Female,1999,2000,Disband,0,0,3,3,3,0,0,1,0,0,0,0,0,0,0,0,0,0,0,0,1999
SHA SHA,Major Entertainment,Female,2017,2019,Disband,0,0,6,3,6,6,0,0,0,0,2,1,0,0,0,0,0,0,0,0,2018
S#aFLA,VINE Entertainment,Female,2018,2019,Disband,3,0,4,4,4,0,0,0,0,0,0,2,0,0,0,0,0,0,0,0,2019
She'Z,Line Entertainment,Female,2012,2014,Disband,3,0,4,4,4,0,0,0,1,0,1,5,0,0,0,0,0,0,0,1,2014
SHINVI,Cid.K Entertainment,Female,2002,2003,Disband,0,0,3,3,3,0,0,1,0,0,0,0,0,0,0,0,0,0,0,2,2002
SIOSIJAK,Good Dream Entertainment,Female,2018,2020,Disband,4,0,4,2,5,7,0,0,0,0,0,1,0,0,0,0,0,0,0,0,2018
SISTAR,Starship Entertainment,Female,2010,2017,Disband,7,0,4,4,4,0,1,2,4,2,3,4,0,0,0,0,0,0,0,3,2017
Six Bomb,World Event Agency,Female,2012,2012,Disband,3,0,5,5,5,0,0,0,1,0,0,0,0,0,0,0,0,0,0,0,2012
Six Bomb,World Event Agency,Female,2015,,Active,3,0,3,2,4,5,1,0,0,0,0,8,0,0,0,0,0,0,0,0,2018
SKarf,Alpha Entertainment,Female,2012,2014,Disband,2,0,5,5,6,1,0,0,1,0,1,0,0,0,0,0,0,0,0,0,2013
SKYGIRLS,Colabs,Female,2019,,Active,3,0,4,4,4,0,0,0,0,0,0,1,0,0,0,0,0,0,0,0,2019
Sol-T,Probeat Company,Female,2016,2017,Disband,0,0,6,4,4,2,0,0,0,0,0,2,0,0,0,0,0,0,0,0,2016
SONAMOO,TS Entertainment,Female,2014,,Active,6,0,5,5,7,2,0,0,3,0,1,2,0,0,0,0,0,0,0,2,2019
SONOKI,Independent,Female,2020,,Active,3,0,4,4,5,1,0,0,0,0,0,1,0,0,0,0,0,0,0,0,2020
SPICA,Colabs,Female,2012,2017,Disband,4,0,5,5,5,0,1,0,2,0,0,5,1,0,0,0,0,1,0,3,2016
STAYC,High Up Entertainment,Female,2020,,Active,6,0,6,6,6,0,0,0,0,0,2,0,0,0,0,0,0,0,0,0,2021
Stellar,The Entertainment Pascal,Female,2011,2018,Disband,5,0,4,0,4,8,0,0,3,0,1,6,0,0,0,0,0,0,0,1,2017
Sugar Moon,BIGBAND Entertainment,Female,2016,2016,Disband,3,0,4,4,4,0,0,0,0,0,0,1,0,0,0,0,0,0,0,0,2016
Sugar Tint,Ramah Entertainment,Female,2018,2019,Disband,2,0,5,5,5,0,0,0,0,0,0,1,0,0,0,0,0,0,0,0,2018
Sunny Days,Haeun Entertainment,Female,2012,2016,Disband,3,0,5,1,6,11,0,0,0,0,0,6,1,0,0,0,0,0,0,1,2015
Sunny Hill,BOD Entertainment,Female,2007,,Active,4,0,4,1,3,6,0,1,4,0,2,9,2,0,0,0,0,0,0,11,2021
Sunny Play,MAKE D Entertainment,Female,2017,2018,Disband,0,0,9,9,9,0,0,0,0,0,0,1,0,0,0,0,0,0,0,0,2017
SUPA,SP Entertainment,Female,2016,2018,Disband,1,0,5,4,4,1,0,0,0,0,0,2,0,0,0,0,0,0,0,0,2017
SWAN,ForAsia Entertainment,Female,2007,2007,Disband,0,0,4,4,4,0,0,0,0,0,0,1,0,0,0,0,0,0,0,0,2007
Swi.T,YG Entertainment,Female,2002,2004,Disband,0,0,3,3,3,0,0,1,0,0,0,0,0,0,0,0,0,0,0,0,2002
Switch Berry,DAM Entertainment,Female,2012,2018,Disband,2,0,4,0,4,15,0,0,0,0,0,4,0,0,0,0,0,0,0,0,2016
T-ARA,MBK Entertainment,Female,2009,2017,Disband,4,0,4,4,6,4,2,1,9,2,0,10,0,3,0,0,9,1,0,11,2017
T.T.Ma,Music Factory Entertainment,Female,1999,2002,Disband,0,0,5,3,5,4,0,2,0,0,0,1,0,0,0,0,0,0,0,0,2007
Tahiti,DreamStar Entertainment,Female,2012,2018,Disband,6,0,4,3,6,7,0,0,2,0,0,5,0,0,0,0,0,0,0,2,2016
TeensEL,EL Movement,Female,2018,,Active,3,0,6,1,8,14,0,2,0,0,0,0,0,0,0,0,0,0,0,0,2019
The Ark,Music K Entertainment,Female,2015,2016,Disband,5,0,5,5,5,0,0,0,0,0,0,1,0,0,0,0,0,0,0,0,2015
THE GLOSS,MGMC Korea Limited,Female,2013,2014,Disband,5,0,3,3,3,0,0,0,0,0,0,1,0,0,0,0,0,0,0,0,2013
The Grace,SM Entertainment,Female,2005,2015,Disband,0,0,3,3,4,1,0,1,0,0,4,0,0,2,0,0,7,0,0,0,2013
The Lush,Oscar Entertainment,Female,2013,2017,Disband,0,0,3,3,3,0,0,0,0,0,0,4,0,0,0,0,0,0,0,4,2017
The Pink Lady,OD Entertainment,Female,2019,,Active,3,0,5,5,5,0,0,0,0,0,0,1,0,0,0,0,0,0,0,0,2019
The SeeYa,Core Contents Media,Female,2012,2016,Disband,0,0,4,4,4,0,0,0,1,0,0,4,0,0,0,0,0,0,0,3,2014
The Starz,Shin Enetrtainment,Female,2015,2017,Disband,0,0,4,4,5,1,0,0,0,0,0,2,0,0,0,0,0,0,0,0,2016
Tier 4,Independent,Female,2020,,Active,0,0,4,4,4,0,0,0,0,0,0,1,0,0,0,0,0,0,0,1,2020
TINT,GH Entertainment,Female,2013,2015,Disband,3,0,5,5,5,0,0,0,0,0,2,0,0,0,0,0,0,0,0,0,2014
Tiny-G,GNG Production,Female,2012,2015,Disband,0,0,3,3,4,1,1,0,0,0,0,4,0,0,0,0,0,1,0,2,2014
To-Ya,Norman Entertainment,Female,2000,2003,Disband,0,0,3,3,3,0,0,1,0,0,0,0,0,0,0,0,1,0,0,0,2001
TREN-D,Baeksang Entertainment,Female,2013,2016,Disband,4,0,5,1,5,8,0,0,0,1,0,3,0,0,0,0,0,0,0,0,2015
TRI.BE,TR Entertainment,Female,2020,,Active,6,0,7,7,7,0,0,0,0,0,2,0,0,0,0,0,0,0,0,0,2021
TROPICAL,LUK Factory,Female,2018,2019,Disband,4,0,4,4,4,0,0,0,0,0,0,1,0,0,0,0,0,0,0,0,2018
TURAN,Starpro Entertainment,Female,2013,2016,Disband,2,0,6,0,7,14,0,0,1,0,0,1,0,0,1,0,0,0,0,0,2016
TWEETY,Time Entertainment,Female,2015,,Active,4,0,2,1,6,11,0,0,0,0,0,8,0,0,0,0,0,0,0,0,2019
TWICE,JYP Entertainment,Female,2015,,Active,15,0,9,9,9,0,0,5,10,6,0,1,0,2,1,0,8,5,0,0,2021
Two X,Star Gaze Entertainment,Female,2012,2017,Disband,4,0,4,4,5,1,0,0,0,0,3,0,0,0,0,0,0,0,0,0,2016
U-HOO,Vida Records,Female,2017,2018,Disband,0,0,4,4,4,0,0,0,0,0,0,1,0,0,0,0,0,0,0,0,2017
U-US,Erum Entertainment,Female,2016,2019,Disband,0,0,3,3,3,0,0,0,0,0,0,1,0,0,0,0,0,0,0,1,2018
UNI.T,PocketDol Studio,Female,2018,2018,Disband,5,0,9,9,9,0,0,0,2,0,0,0,0,0,0,0,0,0,0,0,2018
UNICA,J-Mate Entertainment,Female,2017,2018,Disband,3,0,4,4,4,0,0,0,0,0,0,1,0,0,0,0,0,0,0,0,2017
Unicorn,Cartoon Blue Company,Female,2015,2017,Disband,5,0,4,4,5,1,0,0,2,0,0,0,0,0,0,0,0,0,0,0,2016
UNIZ,C2K Entertainment,Female,2015,2016,Disband,2,0,5,5,5,0,0,0,0,0,0,1,0,0,0,0,0,0,0,0,2015
Ureka,HY Company,Female,2016,2018,Disband,2,0,4,4,5,1,0,0,0,0,0,1,0,0,0,0,0,0,0,0,2016
Vanilla Lucy,Hanmaek Entertainment,Female,2010,2011,Disband,1,0,4,4,5,1,0,1,0,0,3,0,0,0,0,0,0,0,0,0,2011
Various,Cowl Entertainment,Female,2016,2018,Disband,5,0,4,1,5,8,0,0,0,0,0,3,0,0,0,0,0,0,0,0,2018
Venus,Colabs,Female,2019,,Active,0,0,3,3,3,0,0,0,0,0,0,1,0,0,0,0,0,0,0,0,2019
Vetty-L,OH Entertainment,Female,2014,2016,Disband,3,0,3,3,3,0,0,0,0,0,0,2,0,0,0,0,0,0,0,0,2015
VIOLET,AfreecaTV,Female,2019,,Active,0,0,5,5,6,1,0,0,0,0,0,1,0,0,0,0,0,0,0,0,2019
Vitamin,Clevr E&M,Female,2015,,Active,2,0,4,1,7,16,0,0,0,0,0,13,2,0,0,0,0,0,0,0,2020
VIVA,Shine E&M,Female,2017,2019,Disband,0,0,4,4,4,0,0,0,0,0,0,1,0,0,0,0,0,0,0,0,2017
VIVIDIVA,DN Entertainment,Female,2015,2016,Disband,5,0,5,5,5,0,0,0,0,0,0,2,0,0,0,0,0,0,0,0,2015
WANNA.B,Zenith Media Contents,Female,2014,2019,Disband,6,0,4,0,4,11,0,0,0,0,0,5,0,0,0,0,0,0,0,0,2019
Wassup,Colabs,Female,2013,2019,Disband,3,0,4,4,7,3,0,0,3,0,0,5,0,0,0,0,0,0,0,1,2017
We Girls,Aftermoon Entertainment,Female,2017,,Active,4,0,8,1,3,13,0,0,1,0,1,2,0,0,0,0,0,0,0,0,2019
Weeekly,Play M Entertainment,Female,2020,,Active,7,0,7,7,7,0,0,0,3,0,0,0,0,0,0,0,0,0,0,2,2021
Weki Meki,Fantagio Music,Female,2017,,Active,8,0,8,8,8,0,0,0,4,0,2,1,2,0,0,0,0,0,0,3,2020
Whiteday,WD Entertainment,Female,2019,2020,Disband,5,0,3,3,3,0,0,0,0,0,0,1,0,0,0,0,0,0,0,0,2019
WIZ N,Colabs,Female,2020,,Active,0,0,6,6,6,0,0,0,0,0,0,1,0,0,0,0,0,0,0,0,2020
WJMK,Colabs,Female,2018,,Active,0,0,3,3,3,0,0,0,0,0,0,1,0,0,0,0,0,0,0,0,2018
WJSN,Colabs,Female,2016,,Active,7,4,9,13,13,0,2,1,9,1,0,0,1,0,0,0,0,0,0,0,2021
Wonder Girls,JYP Entertainment,Female,2007,2017,Disband,3,0,4,3,6,5,0,3,2,0,4,5,0,1,2,0,0,7,0,1,2017
woo!ah!,NV Entertainment,Female,2020,,Active,6,0,5,5,6,1,0,0,0,0,3,0,0,0,0,0,0,0,0,0,2021
XoX,HakJam Company,Female,2017,,Active,3,0,3,0,3,10,0,0,0,0,0,2,0,0,0,0,0,0,0,0,2018
XUM,A100 Entertainment,Female,2020,,Active,6,0,3,3,3,0,0,0,0,0,1,0,0,0,0,0,0,0,0,1,2020
Ye-A,Colabs,Female,2014,2015,Disband,3,0,7,4,8,7,0,0,0,0,0,1,0,0,0,0,0,0,0,0,2014
Year 7 Class 1,Dareun Byeol Entertainment,Female,2014,2018,Disband,5,0,7,7,7,0,0,0,1,0,0,7,0,0,0,0,1,0,0,0,2017
Yellow Bee,Addiction Entertainment,Female,2017,2020,Disband,4,0,5,0,5,10,0,0,0,0,0,3,0,0,0,0,0,0,0,0,2019
YJIG,GR Entertainment,Female,2018,2019,Disband,4,0,3,2,5,3,0,0,0,0,0,1,0,0,0,0,0,0,0,0,2018
YPDA,J Company Entertainment,Female,2018,,Active,4,0,2,2,4,6,0,0,1,0,0,0,0,0,0,0,0,0,0,0,2018
015b,The015B,Male,1990,1996,Disband,3,0,4,4,4,0,0,6,0,2,0,0,0,0,0,0,0,0,0,0,1996
015b,The015B,Male,2006,,Active,3,0,2,2,2,0,0,4,1,3,1,11,0,0,0,0,0,0,0,28,2020
100%,TOP Media,Male,2012,,Active,10,4,4,4,7,3,1,0,6,0,2,2,0,0,0,0,5,0,0,0,2019
14U,BG Entertainment,Male,2017,2019,Disband,7,0,14,13,14,2,0,0,0,0,3,1,0,0,0,0,0,0,0,1,2018
1Team,Liveworks Company,Male,2019,2021,Disband,6,0,5,5,5,0,0,0,3,0,0,1,0,0,0,0,0,0,0,0,2020
1the9,Colabs,Male,2020,2020,Disband,5,0,9,9,9,0,0,0,4,0,0,1,0,0,0,0,0,0,0,0,2020
1tym,YG Entertainment,Male,1998,2006,Hiatus,1,0,4,4,4,4,0,5,0,0,0,0,0,0,0,0,0,0,0,2,2005
24k,Choeun Entertainment,Male,2012,,Active,8,0,5,0,5,16,1,1,5,0,2,0,0,0,0,0,0,0,0,0,2018
2am,JYP Entertainment,Male,2008,2015,Hiatus,4,0,4,4,4,0,0,3,3,0,2,0,0,1,0,0,5,1,0,0,2014
2pm,JYP Entertainment,Male,2008,2017,Hiatus,8,0,6,6,7,1,0,6,1,0,3,6,0,5,0,0,12,0,0,1,2016
2z,GOGO2020,Male,2020,,Active,5,0,5,5,6,1,0,1,0,2,0,3,0,0,0,0,0,0,0,0,2021
4men,MAJOR9,Male,1998,,Active,1,0,3,0,4,11,0,6,5,3,0,6,0,0,0,0,0,0,0,20,2021
5tion,IV Entertainment,Male,2001,,Active,5,0,5,1,5,16,0,3,1,0,2,15,0,1,0,0,5,0,0,1,2020
5urprise,Fantagio Music,Male,2014,2020,Disband,1,0,5,5,5,0,0,0,0,0,0,1,0,0,0,0,2,0,0,2,2016
A'st1,DSP Media,Male,2008,2009,Disband,0,0,6,6,6,0,0,0,1,0,1,0,0,0,0,0,0,0,0,0,2009
A-jax,DSP Media,Male,2012,2019,Disband,7,0,5,4,7,4,0,0,2,0,1,3,0,0,0,0,4,0,0,0,2018
A-prince,Excellent Entertainment,Male,2011,2015,Disband,3,0,5,1,5,8,0,0,3,0,1,3,0,0,0,0,0,0,0,0,2014
a.c.e,Beat Interactive,Male,2017,,Active,10,0,5,5,6,0,0,4,0,0,5,0,0,0,0,0,3,0,0,2,2021
A.clan,Elijah Entertainment ,Male,2012,,Hiatus,2,0,4,5,8,7,0,2,0,0,10,7,0,0,0,0,0,2,0,0,2016
A6P,DS Entertainment,Male,2015,2016,Disband,4,0,6,6,5,0,0,0,1,0,1,0,0,0,0,0,0,0,0,0,2015
AA,Wellmade StarM,Male,2011,2015,Disband,3,0,4,4,3,1,1,1,4,0,4,3,0,0,0,0,0,0,0,0,2013
AB6IX,Brand New Music,Male,2019,,Active,2,0,4,5,4,1,1,6,3,2,0,0,0,0,0,0,0,0,0,0,2021
AboutU,Amp Music,Male,2018,,Active,5,0,3,4,4,1,0,1,0,0,11,0,0,0,0,0,0,0,0,0,2021
all-star,BurnHard Entertainment,Male,2015,2017,Disband,5,0,2,5,5,3,0,1,1,0,0,5,0,0,0,0,0,0,0,0,2015
alldayz,GUYS Ent.,Male,2017,2017,Disband,1,0,4,4,5,0,0,0,2,0,1,3,0,0,0,0,0,0,0,0,2017
AlphaBAT,APB Entertainment (2019–present),Male,2013,,Active,0,0,4,5,5,8,0,2,0,0,8,1,0,0,0,0,0,0,0,0,2020
apl,DAM Entertainment,Male,2016,,Hiatus,3,0,5,5,3,0,0,0,0,0,2,4,2,0,0,0,1,0,0,0,2017
argon,MSH Entertainment,Male,2019,,Active,5,0,6,6,3,0,0,1,0,0,1,1,0,0,0,0,0,0,0,0,2019
ashgray,Bigfoot Records,Male,2009,,Active,1,0,2,3,3,2,0,3,0,0,13,1,0,0,0,0,0,0,0,6,2018
astin,KINGTOP Entertainment,Male,2019,2019,Disband,5,0,8,0,6,0,0,1,0,0,0,4,0,0,0,0,0,0,0,0,2019
Astro,Fantagio Music,Male,2016,,Active,0,0,6,6,4,0,0,11,1,0,4,2,0,1,0,0,0,0,0,1,2021
ateenz,KQ Entertainment,Male,2018,,Active,0,0,8,8,10,0,0,8,0,0,0,7,1,3,0,0,0,0,0,2,2021
aweek,Illusion Entertainment,Male,2018,,Active,0,0,7,8,4,1,0,1,0,0,2,1,0,0,0,0,0,0,0,0,2020
axisB,AXB Entertainment,Male,2016,2017,Disband,6,0,6,6,7,0,0,0,0,0,2,9,0,0,0,0,1,0,0,0,2017
B.A.P,TS Entertainment,Male,2012,2019,Disband,3,0,4,6,6,2,1,8,0,0,12,1,0,4,0,0,9,0,0,0,2018
B.heart,Poong Entertainment,Male,2016,2018,Disband,4,0,4,4,9,0,0,1,0,0,5,1,0,0,0,0,0,0,0,1,2017
B.I.G,GH Entertainment,Male,2014,,Active,4,0,4,5,4,2,1,1,1,0,7,2,0,0,0,0,0,0,0,1,2019
B.I.T,SD.ent,Male,2017,2017,Disband,2,0,5,5,6,0,0,0,0,1,2,2,0,0,0,0,0,0,0,0,2017
B.O.i,M.fel Entertainment,Male,2013,2013,Disband,2,0,6,6,7,0,0,0,8,0,1,1,0,0,0,0,0,0,0,0,2013
B1A4,WM Entertainment,Male,2011,,Active,0,0,3,5,6,2,0,11,0,0,4,2,1,5,0,0,11,0,0,8,2020
Bae173,PocketDol Studio,Male,2020,,Active,4,0,9,9,3,0,0,2,0,0,3,1,0,0,0,0,0,0,0,0,2021
baikal,Baikal Entertainment,Male,2017,2019,Disband,4,0,7,7,7,0,0,0,0,0,2,3,0,0,0,0,0,0,0,0,2018
Bandage,Play M Entertainment,Male,2020,,Active,0,0,4,4,4,0,0,1,0,0,1,1,0,0,0,0,0,0,0,0,2020
BDC,Brand New Music,Male,2019,,Active,0,1,3,3,4,0,0,2,0,0,1,0,0,0,0,0,0,0,0,0,2021
be.A,Chrome Entertainment,Male,2014,2017,Disband,3,0,5,6,5,1,0,1,3,0,5,0,0,0,0,0,0,0,0,1,2017
beatwin,Elen Entertainment,Male,2017,2017,Disband,0,0,5,6,5,1,0,2,0,0,5,1,0,0,0,0,3,0,0,1,2017
BECZ,H&H Entertainment,Male,2020,2020,Disband,1,0,5,0,4,0,0,0,0,0,1,0,0,0,0,0,0,0,0,0,2020
Boyfriend,Starship Entertainment,Male,2011,2019,Disband,7,0,6,6,4,0,0,6,1,0,6,0,0,4,0,0,11,0,0,0,2019
bga,Wong Fu Productions,Male,2016,,Active,2,0,5,5,7,0,0,0,0,0,2,1,0,0,0,0,0,0,0,0,2017
big brain,MAJOR9,Male,2015,2017,Disband,7,0,4,4,5,0,0,0,1,0,4,1,0,0,0,0,0,0,0,0,2016
bigbang,YG Entertainment,Male,2006,,Active,5,0,4,5,5,1,0,19,10,0,12,3,0,19,0,0,5,0,0,0,2018
bigflo,HO Company,Male,2014,,Active,0,0,3,5,6,6,1,5,0,0,1,3,0,1,0,0,1,0,0,0,2018
bigstar,Brave Entertainment,Male,2012,2019,Disband,2,0,5,5,3,0,0,3,0,0,5,4,0,0,0,0,0,0,0,0,2015
BLACK6IX,BLACK HOLE Entertainment,Male,2017,2021,Disband,0,0,6,6,4,0,0,2,2,0,3,2,2,0,0,0,0,0,0,0,2020
BLANC7,Jackpot Entertainment,Male,2017,2019,Disband,3,0,7,7,4,0,0,0,0,0,5,4,0,0,0,0,0,0,0,0,2018
BLAST,Kings Entertainment,Male,2014,2015,Disband,5,0,5,5,4,7,0,0,6,0,2,2,0,0,0,0,0,2,0,0,2014
BLITZERS,Wuzo Entertainment,Male,2020,,Active,2,0,7,7,7,0,0,1,0,0,2,1,1,0,0,0,0,0,0,0,2021
BLK,BYKING Entertainment,Male,2017,2018,Disband,0,0,7,6,4,1,0,1,0,0,0,6,1,0,0,0,0,0,0,0,2017
block b,Seven Seasons,Male,2011,,Active,7,0,7,7,4,0,2,7,0,0,5,1,0,2,0,0,6,0,0,4,2018
block chain,AF Entertainment,Male,2018,,Active,8,0,5,5,5,0,0,0,0,0,3,0,0,0,0,0,0,0,0,0,2020
Boys Republic,Universal Music Korea,Male,2013,2018,Disband,3,0,5,5,7,0,0,3,6,1,5,2,0,1,0,0,5,0,0,1,2018
BOYS24,CJ E&M,Male,2016,2017,Disband,10,1,6,6,7,0,0,2,0,0,2,2,0,0,0,0,0,0,0,0,2017
BLT,Shinhoo Entertainment,Male,2014,2015,Disband,4,0,7,7,8,3,0,1,0,0,1,4,0,0,0,0,0,0,0,0,2015
BTOB,Cube Entertainment,Male,2012,,Active,9,0,6,7,3,1,2,15,4,0,6,1,0,1,0,0,7,0,0,10,2018
BTS,BigHit Music ,Male,2013,,Active,1,0,7,7,6,0,0,14,0,0,5,7,2,7,0,0,15,7,0,4,2020
build up,INAKIST Entertainment,Male,2019,,Active,1,0,6,3,3,3,0,0,0,0,2,3,0,0,0,0,0,0,0,0,2020
Buzz(1),In Next Trend,Male,2003,2006,Disband,5,0,5,5,4,0,0,4,2,0,3,1,0,0,0,0,0,1,0,4,2006
Buzz(2),In Next Trend,Male,2014,,Active,4,0,5,5,6,0,0,5,2,0,9,1,0,0,0,0,0,0,0,5,2021
BXK,New Planet Entertainment,Male,2020,,Active,3,0,6,6,5,0,0,0,5,0,1,1,0,0,0,0,0,0,0,0,2020
Bz boys,Chrome Entertainment,Male,2019,,Active,4,0,5,4,5,0,0,1,2,0,1,4,0,0,0,0,0,0,0,0,2019
C-CLOWN,Yedang Entertainment,Male,2012,2015,Disband,6,0,6,6,5,0,0,4,2,1,3,4,2,0,0,0,0,0,0,0,2014
Champs,JS Entertainment,Male,2013,2015,Disband,5,0,5,5,5,0,0,0,2,0,2,1,0,0,0,0,0,0,0,0,2014
cici,UPVOTE Entertainment,Male,2019,2019,Disband,3,0,4,4,6,0,0,0,0,0,1,5,0,0,0,0,0,0,0,0,2019
ciipher,Rain Company,Male,2021,,Active,3,0,7,7,4,0,0,1,0,0,0,5,0,0,0,0,0,0,0,0,2021
CIX,C9 Entertainment ,Male,2019,,Active,0,0,5,5,7,0,0,4,3,0,1,1,0,1,0,0,3,0,0,0,2021
Classmate,HF Music Company,Male,2017,,Active,5,0,3,3,9,0,0,3,3,0,8,3,0,0,0,0,0,0,0,0,2021
CN19,SDQ Music Group,Male,2020,,Active,2,0,3,3,6,0,0,0,2,0,1,2,0,0,0,0,0,0,0,0,2020
CNBLUE,FNC Entertainment,Male,2009,,Active,0,0,3,5,6,2,0,12,0,0,4,5,0,10,1,0,15,0,0,0,2021
Code-V,CODE M Agency,Male,2010,2018,Disband,0,0,5,5,4,3,1,1,1,0,2,0,0,6,0,0,18,0,0,0,2018
bless,CODE M Agency,Male,2007,2010,Disband,1,0,5,5,5,3,0,0,0,0,4,5,0,0,0,0,0,0,0,2,2010
CRAVITY,Starship Entertainment,Male,2020,,Active,4,0,9,9,4,0,0,3,0,0,0,3,0,0,0,0,0,0,0,0,2021
ROSS GENE,Amuse Korea,Male,2012,,Active,0,0,4,4,4,3,0,5,1,0,6,2,1,3,0,0,10,0,0,0,2019
D-CRUNCH,Ai Grand Korea,Male,2018,,Active,0,1,8,9,3,1,1,4,0,0,3,2,0,0,0,0,1,0,0,0,2021
D.COY,Rolling Culture One,Male,2019,,Active,4,0,5,5,3,0,0,0,0,0,2,5,0,0,0,0,0,0,0,1,2020
D1CE,D1CE Entertainment,Male,2019,,Active,3,0,5,5,4,0,0,2,1,0,2,1,0,0,0,0,0,0,0,2,2021
DAY6,JYP Entertainment,Male,2015,,Active,0,0,5,6,4,2,1,10,1,0,11,0,0,1,0,0,3,0,0,1,2021
dgna,Xing Entertainment,Male,2010,,Active,6,0,4,5,7,1,0,2,3,0,5,1,1,2,0,0,8,0,0,0,2017
dkb,Brave Entertainment,Male,2019,,Active,4,0,9,9,3,0,0,4,1,0,0,0,0,1,0,0,2,0,0,0,2021
dmtn(1),2Works Entertainment,Male,2010,2013,Disband,4,0,6,7,5,1,0,2,2,0,3,2,0,0,0,0,0,0,0,0,2013
dmtn(2),8PEXCOMPANY,Male,2020,,Active,1,0,6,6,9,0,0,0,10,0,1,1,0,0,0,0,0,0,0,0,2020
DONGKIZ,Dongyo Entertainment,Male,2019,,Active,9,0,5,5,6,0,1,1,1,0,7,6,5,0,0,0,0,0,0,0,2021
Double Eight,HY Company,Male,2015,2017,Disband,4,0,3,3,5,5,1,0,0,0,2,2,1,0,0,0,0,0,0,0,2017
DRIPPIN,Woollim Entertainment,Male,2020,,Active,3,0,7,7,5,0,0,2,6,1,0,4,0,0,0,0,0,0,0,0,2021
Drunken Tiger,Feel GHood Music,Male,1998,2018,Disband,4,0,1,2,5,1,0,10,0,0,4,2,0,0,0,0,0,0,0,0,2018
DUSTIN,LPA Entertainment,Male,2019,,Active,1,0,8,8,10,0,1,0,0,0,1,4,3,0,0,1,0,0,0,0,2020
E'LAST,E Entertainment,Male,2020,,Active,3,0,8,6,5,2,1,2,0,0,0,6,0,0,0,0,0,0,0,0,2020
E7,Excellent Entertainment,Male,2012,2013,Disband,6,0,6,6,5,0,0,0,4,4,1,0,0,0,0,0,0,0,0,0,2012
ELVIN CREW,HiCC,Male,2017,2017,Disband,6,0,5,5,9,0,0,0,0,0,1,3,0,0,0,0,0,0,0,0,2017
ENHYPEN,Belift Lab,Male,2020,,Active,3,0,7,7,4,0,0,2,0,0,0,1,0,0,0,0,0,0,0,0,2021
ENOi,Kithewhale Company,Male,2019,2021,Disband,1,0,7,7,5,0,0,3,0,0,1,2,0,0,0,0,0,0,0,0,2020
Epik High,YG Entertainment,Male,2003,,Active,4,0,3,3,4,0,0,15,1,0,2,1,0,0,0,0,1,0,0,1,2018
EXO,SM Entertainment ,Male,2012,,Active,6,0,9,12,10,3,4,16,0,0,5,2,0,1,0,0,4,0,0,2,2020
EXP EDITION,IMMABB Entertainment,Male,2016,,Active,6,1,4,4,7,0,0,1,1,0,1,2,0,0,0,0,0,0,0,0,2018
F.able,Haeirum Entertainment,Male,2020,,Active,3,0,3,5,6,2,0,0,0,0,1,2,0,0,0,0,0,0,0,0,2020
F.CUZ,On The Bill Company,Male,2010,,Active,0,0,5,5,6,2,0,4,3,0,9,1,0,2,0,0,10,0,0,5,2020
FALLANC,RF Entertainment,Male,2018,2019,Disband,7,0,4,4,9,0,0,0,4,0,1,3,0,0,1,0,0,0,0,0,2018
FameUs,KN Media,Male,2014,2016,Disband,5,0,6,6,7,0,0,1,0,0,2,2,0,0,0,0,0,0,0,0,2015
FANXY CHILD,KOZ Entertainment,Male,2019,,Active,0,0,6,6,4,0,0,0,0,0,1,1,0,0,0,0,0,0,0,0,2019
Forestella,Universal Music Korea,Male,2018,,Active,4,0,4,4,5,0,0,2,0,0,5,0,0,0,0,0,0,0,0,1,2020
FTISLAND,FNC Entertainment,Male,2007,,Active,7,0,3,6,4,0,0,17,0,0,5,0,0,11,0,0,21,0,0,0,2019
GHOST9,Maroo Entertainment,Male,2020,,Active,4,0,9,9,4,0,0,3,2,0,0,0,0,0,0,0,0,0,0,0,2021
GIDONGDAE,2Y Entertainment,Male,2021,2021,Disband,0,0,5,5,7,0,0,0,0,0,1,0,0,0,0,0,0,0,0,0,2020
god(1),JYP Entertainment,Male,1999,2005,Disband,2,0,5,5,4,0,0,8,5,1,0,1,0,0,0,0,0,0,0,2,2005
god(2),JYP Entertainment,Male,2014,,Active,1,0,5,5,6,0,0,2,1,0,4,1,0,0,0,0,0,0,0,1,2020
Golden Child,Woollim Entertainment,Male,2017,,Active,1,0,10,11,5,1,0,6,0,0,3,0,0,0,0,0,0,0,0,3,2021
GOT7,JYP Entertainment ,Male,2014,,Active,12,0,7,7,6,0,2,15,0,0,4,0,0,5,0,0,9,0,0,1,2021
GreatGuys,DNA Entertainment,Male,2017,,Active,5,0,9,9,8,0,0,4,0,0,4,1,0,0,0,0,0,0,0,0,2021
H.O.T,SM Entertainment,Male,1996,2001,Disband,0,0,5,5,5,0,0,9,0,0,0,1,0,0,0,0,0,0,0,2,2001
HALO,HISTAR Entertainment,Male,2014,,Active,6,0,6,6,4,0,0,3,0,0,5,1,0,1,0,0,4,0,0,1,2018
HBY,OPUS Entertainment,Male,2017,2020,Disband,2,0,4,5,4,1,1,0,1,0,2,0,0,0,0,0,0,0,0,0,2019
HeartB,Marblepop Entertainment,Male,2014,2016,Disband,7,0,4,4,4,0,0,2,2,0,4,1,0,0,0,0,0,0,0,0,2015
Herycle,Gul Dduk Entertainment,Male,2012,2014,Disband,1,0,5,3,4,2,0,0,0,0,1,0,0,0,0,0,0,0,0,0,2014
Hidden,Yanus Music,Male,2015,2016,Disband,7,0,5,5,5,0,0,1,1,0,2,0,0,0,0,0,0,0,0,0,2016
HIDDEN FOLDER,Real Music Society,Male,2018,,Active,7,0,4,4,8,0,0,0,0,0,1,0,0,0,0,0,0,0,0,0,2020
HIGH4,N.A.P. Entertainment,Male,2014,2017,Disband,0,0,4,4,5,0,1,2,0,0,6,1,0,2,0,0,0,0,0,0,2017
Highlight ,Around US Entertainment,Male,2016,,Active,6,0,4,4,3,0,0,4,0,0,2,1,0,0,0,0,0,0,0,0,2021
BEAST,Cube Entertainment ,Male,2009,2016,Disband,0,0,6,6,5,0,0,12,2,0,11,6,0,3,0,0,17,0,0,12,2016
HISTORY ,FAVE Entertainment,Male,2013,2017,Disband,2,0,5,5,3,0,0,5,1,0,1,3,0,1,0,0,2,0,0,0,2016
HONEYST,FNC Entertainment,Male,2017,2019,Disband,6,0,4,4,7,0,0,0,0,0,2,3,0,0,0,0,0,0,0,4,2019
HOTSHOT,Star Crew Entertainment,Male,2014,2021,Disband,8,0,6,6,3,0,0,2,1,0,3,1,0,0,0,0,1,0,0,0,2018
Hwang Project,Jellyfish Entertainment,Male,2008,2011,Disband,2,0,3,3,5,0,0,1,0,0,0,1,0,0,0,0,0,0,0,1,2011
I-REX,Tarzan Entertainment,Male,2013,2014,Disband,0,0,5,5,13,0,0,0,0,0,1,3,0,0,0,0,0,0,0,0,2013
ikon,YG Entertainment,Male,2015,,Active,2,0,6,7,4,1,0,6,0,0,5,2,0,15,0,0,3,0,0,0,2021
im,MBK Entertainment,Male,2017,,Active,0,0,3,4,5,1,0,0,1,0,1,3,0,0,0,0,0,0,0,0,2017
IMFACT,Star Empire Entertainment,Male,2016,,Active,5,0,5,5,4,0,0,1,2,0,9,1,0,1,0,0,0,0,0,5,2020
IN2IT,MMO Entertainment,Male,2017,,Active,4,0,6,8,11,2,0,1,0,0,4,2,0,0,0,0,2,0,0,2,2020
infinte,Woollim Entertainment,Male,2010,,Active,0,0,6,7,11,1,2,12,0,0,10,0,0,3,0,0,7,0,0,3,2019
INX,NA Entertainment,Male,2016,2017,Disband,3,0,5,5,5,0,0,0,0,0,2,2,0,0,0,0,0,0,0,0,2017
IZ,Music K Entertainment,Male,2017,,Active,3,0,4,4,7,0,0,2,4,0,6,5,0,0,0,0,0,0,0,0,2021
JACE,Right Achievement Group,Male,2014,2016,Disband,3,0,5,5,5,0,0,1,4,0,2,8,2,0,0,0,0,0,0,1,2015
Jacoby Planet,C9 Entertainment,Male,2015,,Active,5,0,4,5,12,1,0,1,1,0,3,3,0,0,0,0,0,0,0,1,2018
JBJ,LOEN Entertainment,Male,2017,2018,Disband,0,0,6,6,4,0,0,3,0,0,0,1,0,0,0,0,0,3,0,0,2018
JJCC,Jackie Chan Group Korea,Male,2014,,Active,0,0,5,7,3,2,0,2,0,0,4,1,0,0,0,0,2,0,0,0,2016
JUO,Soundbox Music,Male,2020,,Active,3,0,4,4,3,0,0,0,1,0,2,2,0,0,0,0,0,0,0,0,2020
JYJ,C-JeS Entertainment,Male,2010,,Active,2,0,2,3,6,1,0,3,0,0,2,0,0,2,0,0,1,0,0,0,2015
KingdomS,Independent,Male,2018,2018,Disband,8,0,3,3,4,0,0,0,7,0,1,2,0,0,0,0,0,0,0,0,2018
KINGDOM ,GF Entertainment,Male,2021,,Active,5,0,7,7,4,0,0,1,0,0,0,6,0,0,0,0,0,0,0,0,2021
KNK,220 Entertainment,Male,2016,,Active,0,0,5,5,5,2,0,3,0,0,6,3,1,0,0,0,1,0,0,0,2020
KOKOON,Yoonseo Group,Male,2018,,Active,6,0,5,5,8,0,0,0,0,0,3,5,0,0,0,0,0,0,0,0,2020
LA POEM,Moss Music,Male,2020,,Active,0,0,4,4,4,0,0,1,0,0,0,2,0,0,0,0,0,3,0,1,2021
LC9,Nega Network,Male,2013,2015,Disband,7,0,6,6,3,0,0,1,0,0,1,1,0,0,0,0,0,1,0,1,2014
LedT,StarKim Entertainment,Male,2010,2016,Disband,6,0,3,5,4,7,0,3,0,0,10,4,0,0,0,0,0,0,0,2,2014
Like A Movie,Top Cloud Entertainment,Male,2018,,Active,2,0,5,6,5,1,0,0,2,0,2,2,0,0,0,0,0,0,0,0,2019
Limit,Independent,Male,2021,,Active,10,0,8,3,6,5,0,0,4,0,1,1,0,0,0,0,0,0,0,1,2021
LIMITLESS ,ONO Entertainment,Male,2019,,Active,5,0,5,4,5,1,0,1,0,0,1,2,0,0,0,0,0,0,0,0,2019
LST,Hyunda Company,Male,2018,,Active,1,0,5,6,5,3,0,0,0,0,3,2,0,0,0,0,0,0,0,0,2020
LU:KUS,JWK Entertainment,Male,2014,,Active,4,0,3,5,4,2,0,1,0,0,5,8,0,0,0,0,3,0,0,1,2019
LUCENTE,NOGA Entertainment,Male,2018,,Active,1,0,6,5,8,1,0,1,0,0,0,0,0,0,0,0,0,0,0,0,2018
LUNAFLY,Nega Network,Male,2012,2017,Disband,2,0,2,5,4,3,0,2,0,0,6,1,0,1,0,0,1,0,0,2,2016
M.Crown,Star Pro Entertainment,Male,2015,2016,Disband,8,0,10,10,2,0,0,0,0,0,1,0,0,0,0,0,0,0,0,0,2015
M.O.N.T,FM Entertainment,Male,2019,,Active,6,0,3,3,7,0,0,3,0,0,5,1,0,0,0,0,0,0,0,0,2020
MADTOWN,GNI Entertainmen,Male,2014,2017,Disband,0,0,7,7,5,0,0,3,0,0,1,0,0,1,0,0,0,0,0,1,2016
MAP6,All-S Company,Male,2015,,Active,0,0,5,5,3,0,0,3,0,0,1,3,0,2,0,0,4,0,0,0,2019
MASC,J Planet Entertainment,Male,2016,2020,Disband,6,0,4,4,4,4,0,1,3,1,3,0,0,0,0,0,0,0,0,0,2019
MBLAQ,J.Tune Camp,Male,2009,,Hiatus,3,0,3,5,12,2,0,7,7,1,4,0,0,0,0,0,4,0,0,0,2015
MCND,TOP Media,Male,2020,,Active,4,0,5,5,8,0,1,3,0,0,2,1,0,0,0,0,0,0,0,0,2021
MIRAE ,DSP Media,Male,2021,,Active,0,0,7,5,4,2,0,1,1,1,0,0,0,0,0,0,0,0,0,0,2021
MONSTA X,Starship Entertainment,Male,2015,,Active,0,0,6,7,4,1,0,12,0,0,3,0,0,4,0,0,15,0,0,7,2021
MR.MR,E-HO Entertainment,Male,2012,2018,Disband,1,0,5,5,3,5,0,2,0,0,7,2,0,0,0,0,5,0,0,0,2018
MustB,MustM Entertainment,Male,2019,,Active,6,0,5,7,4,2,0,1,0,0,1,2,2,0,1,0,0,0,0,0,2020
MVP,PH Entertainment,Male,2017,,Active,2,0,7,7,5,0,0,1,0,0,1,2,0,0,0,0,0,2,0,0,2020
MY.st,MYstar Entertainment ,Male,2018,,Active,3,0,5,5,4,0,0,1,0,0,1,2,0,2,2,0,0,0,0,0,2021
MYNAME,H2media,Male,2011,,Hiatus,3,0,5,5,6,0,0,2,0,0,5,0,0,6,0,0,5,0,0,0,2018
MYTEEN,The Music Works,Male,2017,2019,Disband,5,0,6,7,5,1,0,2,10,0,0,0,0,0,0,0,1,0,0,0,2018
N-SONIC,C2K Entertainment,Male,2011,2016,Disband,11,0,6,5,4,3,0,3,1,0,5,1,0,0,0,0,1,0,0,1,2016
N.CUS,Kyuri Entertainment,Male,2019,,Active,3,0,9,12,5,3,1,1,0,0,1,2,0,0,0,0,0,0,0,0,2021
N.Flying,FNC Entertainment,Male,2013,,Active,3,0,5,5,4,2,0,7,0,0,4,5,0,1,0,0,8,0,0,5,2021
N.O.M,JZ Factory Entertainment,Male,2013,,Active,8,0,3,5,4,2,0,0,2,0,4,0,0,0,0,0,0,3,0,0,2021
N.tic,Yechan Media,Male,2018,,Active,3,0,4,5,4,1,0,0,0,0,3,1,0,0,0,0,0,0,0,0,2019
NCT,SM Entertainment,Male,2016,,Active,4,0,23,14,4,9,4,2,0,0,1,4,0,0,0,0,0,0,0,0,2020
NELL,Space Bohemian ,Male,2001,,Active,4,0,4,4,3,0,0,14,0,0,11,0,0,0,0,0,1,0,0,6,2021
NewBlood,HEM Entertainment,Male,2015,2016,Disband,8,0,4,4,3,0,0,0,0,0,1,8,0,0,0,0,0,0,0,0,2016
Newkidd,J-FLO Entertainment,Male,2019,,Active,5,0,7,7,5,0,2,0,0,0,2,0,0,0,0,0,0,0,0,1,2020
NewTownBoyz,First Step Company,Male,2016,,Active,3,0,3,4,6,4,0,1,1,0,3,1,0,0,0,0,0,0,0,2,2018
NOIR,LUK Factory,Male,2018,,Active,2,0,9,8,5,1,0,4,3,0,1,2,0,0,0,0,0,0,0,0,2020
NOM ,JM Star Entertainment,Male,2013,2016,Disband,4,0,5,5,4,2,0,0,0,0,4,2,0,0,0,0,1,0,0,0,2015
NPI,New Planet Entertainment,Male,2015,2016,Disband,0,0,6,6,4,0,0,0,0,0,2,1,0,0,1,0,0,0,0,0,2015
NTB,High Choice Entertainment,Male,2016,,Active,1,0,6,6,5,0,0,1,5,1,0,5,1,0,0,0,2,0,0,0,2018
NTX,Victory Company,Male,2021,,Active,5,0,10,10,7,0,0,1,0,0,4,0,0,0,0,0,0,0,0,1,2021
NU'EST,Pledis Entertainment,Male,2012,,Active,5,0,5,5,3,0,2,10,0,0,3,6,0,3,0,0,5,0,0,3,2021
NUBOYZ,Starship Entertainment,Male,2014,2015,Disband,8,0,4,4,6,0,0,0,2,0,0,1,0,0,0,0,0,0,0,1,2014
OFF THE CUFF,Purple Entertainment,Male,2021,,Active,6,0,5,5,4,0,0,0,2,0,1,1,0,0,0,0,0,0,0,0,2020
ON AIR,JG Entertainment,Male,2020,,Active,1,0,3,3,9,0,0,0,0,0,1,6,1,0,0,0,0,0,0,0,2020
One O One,Starhaus Entertainment,Male,2015,2019,Disband,2,0,4,4,6,0,0,0,1,0,3,9,2,0,0,0,0,0,0,0,2016
ONEUS,RBW,Male,2019,,Active,2,0,6,6,3,0,0,6,0,0,2,1,0,0,0,0,3,0,0,3,2021
ONEWE,RBW,Male,2016,,Active,5,0,5,5,4,0,0,4,0,0,7,2,0,0,0,0,1,0,0,1,2020
OnlyOneOf,8D Entertainment ,Male,2019,,Active,2,0,7,7,5,0,0,3,0,0,4,1,0,0,0,0,0,0,0,0,2021
P1Harmony,FNC Entertainment,Male,2020,,Active,3,0,6,6,5,0,0,2,0,0,1,0,0,0,0,0,0,0,0,0,2021
PARADISE ,HLCOMPANY,Male,2017,,Active,1,0,5,5,4,2,0,1,0,0,2,4,0,0,0,0,0,0,0,0,2020
PENTAGON,Cube Entertainment,Male,2016,,Active,5,0,9,10,4,1,0,12,0,0,3,10,0,4,0,0,7,1,0,4,2021
PLATINUM78,IN MEDIA A&D,Male,2019,,Active,2,0,5,5,6,7,0,1,0,0,0,1,0,0,0,0,0,0,0,0,2019
PLT,Planetarium Records,Male,2018,,Active,5,0,6,6,8,0,0,2,8,1,3,5,0,0,0,0,0,0,0,0,2018
PUREBOY,IT Entertainment,Male,2014,2018,Disband,4,0,5,11,8,11,1,1,0,0,1,0,0,0,0,0,1,0,0,1,2015
RAINZ,KISS Entertainment,Male,2017,2018,Disband,3,0,7,7,5,0,0,2,0,0,1,1,0,0,0,0,2,0,0,1,2018
RE:KIDS DREAM,Retune Music,Male,2020,,Active,6,0,4,4,4,0,0,0,1,0,2,1,0,0,0,0,0,0,0,0,2021
Rion Five,Narda Entertainment,Male,2014,,Active,5,0,5,6,6,1,0,0,1,0,4,0,0,0,0,0,0,0,0,2,2016
Road Boyz,COCONUT Entertainment,Male,2015,2016,Disband,6,0,5,5,5,0,0,1,0,0,4,4,0,0,0,0,0,0,0,1,2016
ROMEO ,Hunus Entertainment,Male,2015,,Active,5,0,7,7,5,0,0,4,0,0,1,1,0,0,0,0,0,1,0,1,2019
SECHSKIES(1),YG Entertainment,Male,1997,2000,Disband,5,1,6,6,4,0,0,6,0,0,0,4,0,0,0,0,0,0,0,0,2000
SECHSKIES(2),YG Entertainment,Male,2016,,Active,0,0,4,6,5,2,0,4,0,0,1,2,0,0,0,0,0,0,0,0,2020
Seo Taiji and Boys,Bando Records,Male,1992,1996,Disband,0,0,3,3,5,0,0,8,1,0,1,1,0,1,0,0,0,0,0,0,1996
Seven O'clock,Forest Network,Male,2017,2021,Disband,3,0,7,6,3,2,0,4,0,0,3,0,0,0,0,0,0,0,0,4,2020
SEVENTEEN,Pledis Entertainment,Male,2015,,Active,8,0,13,13,8,0,5,13,0,0,1,4,0,3,0,0,5,0,0,5,2021
SF9,FNC Entertainment,Male,2016,,Active,2,0,9,9,6,0,0,10,1,0,2,0,0,8,0,0,6,0,0,2,2020
SG Wannabe,Stone Music Entertainment,Male,2004,,Active,5,0,3,3,6,2,0,14,0,0,4,3,0,1,0,0,3,0,0,18,2018
SHINee,SM Entertainment,Male,2008,,Active,0,0,4,5,4,1,0,16,0,0,0,0,0,6,0,0,15,0,0,0,2018
SHINHWA,SM Entertainment,Male,1998,,Active,1,0,6,6,3,0,0,22,0,0,6,1,0,1,0,0,1,0,0,0,2018
SIGMA,PLUSWIN,Male,2020,,Active,0,0,4,4,6,0,0,0,0,0,1,1,0,0,0,0,0,1,0,0,2021
SIGNAL ,Elmusix ,Male,2018,,Active,4,0,4,4,5,0,0,0,0,0,2,8,0,0,0,0,0,0,0,0,2021
SNUPER,WIDMAY Entertainment,Male,2015,,Active,5,0,6,6,2,0,0,6,0,0,3,1,0,1,0,0,7,1,0,2,2020
Solid,RIAK,Male,1993,1997,Disband,3,0,3,3,5,0,0,5,2,0,0,0,0,0,0,0,0,0,0,0,1997
SPECTRUM ,WYNN Entertainment,Male,2018,2020,Disband,5,0,6,7,12,1,0,2,0,0,3,1,0,0,0,0,0,0,0,0,2020
SPEED,MBK Entertainment,Male,2012,2015,Disband,6,0,8,10,5,2,0,5,3,0,2,1,0,0,0,0,0,0,0,2,2015
SS501,DSP Media,Male,2005,2010,Disband,8,0,5,5,3,0,1,5,0,0,9,0,0,2,0,0,3,0,0,8,2010
Stray Kids,JYP Entertainment,Male,2018,,Active,11,0,8,9,3,1,1,8,0,0,6,1,0,3,0,0,3,0,0,4,2020
Super Five,MBC Favorite Entertainment,Male,2020,,Active,3,0,5,5,4,0,0,0,0,0,2,0,0,0,0,0,0,0,0,0,2020
SUPER JUNIOR,SM Entertainment,Male,2005,,Active,2,0,10,13,3,3,5,16,1,0,0,1,0,5,0,0,20,0,0,3,2021
SUPERKIDS,Kids Planet,Male,2019,,Active,0,0,8,8,6,0,0,0,1,0,1,1,0,0,0,0,0,0,0,0,2019
SuperM,SM Entertainment,Male,2019,,Active,4,0,7,7,5,0,0,2,0,0,4,0,0,0,0,0,0,0,0,0,2021
SURPRISE U,Fantagio Music,Male,2017,,Active,5,0,4,5,2,1,0,1,0,0,0,3,0,0,0,0,0,0,0,1,2017
T-MAX,Planet905 Entertainment,Male,2007,2012,Disband,1,0,4,3,4,3,0,1,0,0,6,1,0,0,0,0,1,1,0,4,2011
T.E.N,Narda Entertainment,Male,2018,2018,Disband,0,0,10,10,5,0,0,0,0,0,1,2,0,0,0,0,0,0,0,0,2018
T1419,MLD Entertainment,Male,2021,,Active,0,0,9,9,3,0,0,0,4,0,4,1,0,0,1,0,0,0,0,0,2021
TARGET,KJ Music Entertainment,Male,2014,,Active,2,0,7,7,7,0,0,1,0,0,4,13,2,0,0,0,3,1,0,0,2019
TEEN TOP,TOP Media,Male,2010,,Active,3,0,5,6,3,1,0,11,3,3,0,1,0,1,1,0,8,0,0,2,2019
THE BOYZ,Cre.ker Entertainment,Male,2017,,Active,0,0,11,12,8,1,0,6,0,0,5,2,0,2,0,0,0,0,0,2,2021
The King,Stallion Entertainment,Male,2014,2019,Disband,5,0,5,5,4,0,0,1,0,0,4,5,0,1,0,0,0,0,0,1,2019
The LEGEND,SS Entertainment,Male,2014,2016,Disband,10,1,5,5,4,0,0,2,0,0,4,5,0,0,0,0,0,0,0,0,2016
THE MAN BLK,Stardium,Male,2018,,Active,6,0,7,10,10,3,0,2,0,0,0,2,0,0,0,0,0,0,0,3,2020
The Rose,J&Star Company,Male,2017,,Active,2,0,4,4,4,0,0,2,9,2,4,0,0,0,0,0,0,0,0,2,2020
The T-Bird,OD Entertainment,Male,2019,,Active,4,0,5,5,5,0,0,0,0,0,1,1,2,0,0,0,0,0,0,0,2019
TheEastLight.,Media Line Entertainment,Male,2016,2018,Disband,1,0,6,6,5,0,0,2,0,0,7,1,0,0,0,0,0,0,0,0,2018
TO.1,The Best Entertainment,Male,2018,2018,Disband,1,0,8,5,4,3,0,0,0,0,1,1,0,0,0,0,0,0,0,0,2018
TO1,Stone Music Entertainment,Male,2020,,Active,6,0,10,10,4,0,0,3,0,0,0,1,0,0,0,0,0,0,0,0,2021
TraxX,SM Entertainment,Male,2004,,Hiatus,5,0,2,4,4,3,0,4,3,0,4,0,1,0,0,0,5,0,0,6,2018
TRCNG,TS Entertainment,Male,2017,,Active,3,0,8,10,6,0,0,1,0,0,3,5,0,0,0,0,3,0,0,0,2019
TREASURE,YG Entertainment,Male,2020,,Active,1,0,12,12,2,0,0,1,0,3,3,0,0,1,0,0,2,0,0,0,2021
TREI,Banana Culture,Male,2017,2020,Disband,8,0,3,2,3,1,0,1,0,2,2,2,0,0,0,0,0,0,0,0,2019
Trigger ,DY Entertainment,Male,2019,,Active,9,0,4,4,3,0,0,0,0,0,2,0,0,0,0,0,0,0,0,0,2020
TRITOPS,VL Entertainment ,Male,2007,,Active,6,0,4,3,3,2,0,2,0,0,13,1,0,0,0,0,23,0,0,2,2017
Trophy,Family Music Entertainment,Male,2015,2016,Disband,3,0,5,5,6,0,0,0,0,0,2,7,0,0,0,0,0,0,0,0,2015
TROY,Brand New Music,Male,2014,2017,Disband,0,0,4,4,6,0,0,0,0,0,2,3,0,0,0,0,0,0,0,0,2014
Trusty,Playmusic Ground,Male,2020,2020,Disband,0,0,4,4,3,0,0,0,0,0,1,1,0,0,0,0,0,0,0,0,2020
TST,KJ Music Entertainment,Male,2017,,Active,5,0,4,7,7,3,0,2,0,0,4,0,0,0,0,0,0,0,0,0,2020
Turbo(1),The Turbo Company,Male,1995,2000,Disband,3,0,3,3,6,2,0,9,5,0,0,0,0,0,0,0,0,0,0,0,2000
Turbo(2),The Turbo Company,Male,2015,,Active,0,0,3,3,4,0,0,2,0,0,0,11,0,0,0,0,0,0,0,0,2017
TVXQ!,SM Entertainment,Male,2003,,Active,6,0,2,5,5,3,0,11,0,0,4,2,0,18,0,0,49,0,0,8,2020
TXT,BigHit Music,Male,2019,,Active,6,0,4,4,3,0,0,5,0,0,1,1,0,1,0,0,3,0,0,1,2021
U-KISS,NH Media,Male,2008,,Active,7,0,3,6,6,7,0,15,0,0,10,1,0,9,0,0,20,0,0,3,2020
UNB,PocketDol Studio,Male,2018,2019,Disband,3,0,9,9,4,0,0,2,1,0,0,1,0,0,0,0,0,0,0,0,2018
Underdog,Independent ,Male,2013,2017,Disband,5,0,6,6,4,17,0,0,0,0,5,0,0,0,2,0,0,0,0,0,2015
UNIQ,Yue Hua Entertainment,Male,2014,,Active,3,0,5,5,3,0,0,1,0,0,2,0,0,1,0,0,7,0,0,3,2016
UNVS,CHITWN Music,Male,2016,,Active,4,0,5,5,5,6,0,1,4,2,3,0,0,0,0,0,3,0,0,0,2020
UP10TION,TOP Media,Male,2015,,Active,1,0,10,10,4,0,0,12,1,0,0,6,0,0,0,0,3,0,0,1,2020
V.O.S,J-Soul Company,Male,2004,,Active,0,0,3,3,5,2,0,8,0,0,14,3,0,0,0,0,0,0,0,9,2020
VANNER,VT Entertainment,Male,2019,,Active,2,0,5,5,4,0,0,1,1,0,2,6,0,0,0,0,0,0,0,0,2020
VARSITY,Jungle Entertainment ,Male,2017,,Active,2,0,7,12,6,5,1,1,0,0,4,15,0,0,0,0,0,0,0,0,2020
VAV,A team,Male,2015,,Active,3,0,7,7,4,6,0,6,0,0,9,1,0,0,0,0,0,0,0,0,2021
VERIVERY,Jellyfish Entertainment,Male,2019,,Active,5,0,7,7,4,0,0,5,3,0,3,0,0,0,0,0,0,0,0,3,2021
VERMUDA,Pacemaker Entertainment,Male,2017,2019,Disband,5,0,5,6,7,1,0,1,0,0,1,3,0,0,0,0,0,0,0,0,2018
VICTON,Play M Entertainment,Male,2016,,Active,4,0,7,7,5,0,0,7,2,0,2,3,0,0,0,0,0,0,0,1,2021
VIXX,Jellyfish Entertainment,Male,2012,,Active,1,0,5,6,5,1,1,8,0,0,10,0,0,3,0,0,6,0,0,1,2019
VOISPER,Evermore Music,Male,2016,,Active,7,0,4,4,6,0,0,2,3,0,9,0,0,0,0,0,0,0,0,2,2020
VROMANCE,RBW,Male,2016,,Active,6,0,4,4,4,0,0,2,0,0,10,2,0,0,0,0,0,0,0,6,2020
VX,JJ Entertainment,Male,2015,2017,Disband,4,0,5,5,4,0,0,2,0,0,2,0,0,0,0,0,0,0,0,0,2017
W.A.O,KINGTOP Entertainment,Male,2021,,Active,3,0,7,7,5,0,0,0,0,0,1,2,0,0,0,0,0,0,0,0,2021
W.I.T,Team Wit,Male,2021,,Active,9,0,5,5,6,0,0,1,4,0,0,0,0,0,0,0,0,0,0,0,2021
W24,JARMY Entertainment,Male,2018,,Active,0,0,4,5,3,1,0,2,0,0,6,0,0,0,0,0,0,0,0,1,2020
Wanna One,Swing Entertainment,Male,2017,2019,Disband,5,0,11,11,9,0,0,4,0,0,1,0,0,0,0,0,0,0,0,0,2018
WE IN THE ZONE,Choon Entertainment,Male,2018,,Active,0,0,3,4,4,2,0,2,0,0,3,0,0,0,0,0,0,0,0,0,2020
WEi,OUI Entertainment,Male,2020,,Active,5,0,6,6,4,0,0,2,0,0,0,0,0,0,0,0,0,0,0,1,2021
Welldone Potato,Banana Culture,Male,2014,2016,Disband,0,0,4,4,3,0,0,0,0,0,1,0,0,0,0,0,0,0,0,2,2015
WINNER,YG Entertainment,Male,2014,,Active,4,0,4,5,4,1,0,7,9,2,5,0,0,16,0,0,4,6,0,0,2020
withus,withHC,Male,2020,,Active,0,0,5,5,6,0,0,0,0,0,2,0,0,0,0,0,0,0,0,0,2021
WOW ,A.CONIC,Male,2021,,Active,2,0,7,7,5,0,0,0,2,0,1,0,0,0,0,0,0,0,0,0,2021
X1,Swing Entertainment,Male,2019,2020,Disband,4,0,11,11,6,0,0,0,0,0,1,0,0,0,0,0,0,0,0,0,2019
XENEX,Company Gi Eok,Male,2020,,Active,10,0,5,5,8,0,0,0,0,0,1,0,0,0,0,0,0,0,0,0,2020
XENO-T,Hunus Entertainment ,Male,2013,,Active,5,0,5,13,5,8,2,5,0,0,1,3,0,0,0,0,1,0,0,3,2018
Xst,Midas Entertainment,Male,2015,,Active,0,0,6,6,3,2,0,1,0,0,5,1,0,0,2,0,1,0,0,0,2019
Y&W,INAKIST Entertainment,Male,2020,,Active,4,0,4,4,4,0,0,0,0,0,2,3,0,0,0,0,0,0,0,0,2020
YDPP,Starship Entertainment,Male,2018,2019,Disband,0,0,4,4,3,0,0,0,0,0,1,4,0,0,2,0,0,0,0,0,2018
ZE:A,Star Empire Entertainment,Male,2010,,Hiatus,0,0,9,9,5,0,3,4,1,0,5,0,0,3,0,0,4,0,0,1,2015
ZEST,Zenith Media Contents,Male,2014,2016,Disband,0,0,5,6,4,5,0,0,0,0,2,0,0,0,0,0,0,0,0,0,2014
ZPZG,J-Star Entertainment,Male,2014,2016,Disband,1,0,4,4,5,0,0,0,0,0,2,0,0,0,0,0,0,0,0,0,2015
